gp,min,pts,fg,3p_made,3p,ftm,ft,oreb,dreb,ast,stl,blk,tov,target_5yrs,points_per_minute,efficiency_rating
36,27.4,7.4,34.7,0.5,25.0,1.6,69.9,0.7,3.4,1.9,0.4,0.4,1.3,0,0.27007299270072993,12.9
35,26.9,7.2,29.6,0.7,23.5,2.6,76.5,0.5,2.0,3.7,1.1,0.5,1.6,0,0.2676579925650558,13.3
74,15.3,5.2,42.2,0.4,24.4,0.9,67.0,0.5,1.7,1.0,0.5,0.3,1.0,0,0.33986928104575165,8.200000000000001
58,11.6,5.7,42.6,0.1,22.6,0.9,68.9,1.0,0.9,0.8,0.6,0.1,1.0,1,0.4913793103448276,8.1
48,11.5,4.5,52.4,0.0,0.0,1.3,67.4,1.0,1.5,0.3,0.3,0.4,0.8,1,0.391304347826087,7.2
75,11.4,3.7,42.3,0.3,32.5,0.4,73.2,0.2,0.7,1.8,0.4,0.0,0.7,0,0.32456140350877194,6.0
62,10.9,6.6,43.5,0.0,50.0,1.5,81.1,0.5,1.4,0.6,0.2,0.1,0.7,1,0.6055045871559632,8.799999999999999
48,10.3,5.7,41.5,0.4,30.0,0.7,87.5,0.8,0.9,0.2,0.2,0.1,0.7,1,0.5533980582524272,7.2
65,9.9,2.4,39.2,0.1,23.3,0.4,71.4,0.2,0.6,2.3,0.3,0.0,1.1,0,0.2424242424242424,4.699999999999999
42,8.5,3.7,38.3,0.1,21.4,1.0,67.8,0.4,0.7,0.3,0.2,0.0,0.7,0,0.43529411764705883,4.6000000000000005
35,6.9,2.3,36.5,0.0,33.3,0.5,81.8,0.5,0.3,0.7,0.1,0.1,0.3,0,0.3333333333333333,3.8
40,6.7,3.6,39.8,0.1,13.6,1.1,77.6,0.5,0.8,0.4,0.3,0.1,0.6,1,0.5373134328358209,5.0
27,6.6,1.3,47.2,0.0,0.0,0.1,28.6,0.6,1.4,0.2,0.2,0.6,0.3,1,0.196969696969697,4.0
45,15.3,5.6,32.3,1.1,30.1,0.7,86.1,0.5,1.6,0.5,0.5,0.3,0.5,0,0.3660130718954248,8.4
44,6.4,2.4,53.7,0.0,0.0,0.4,50.0,0.4,1.0,0.2,0.2,0.4,0.6,1,0.37499999999999994,4.000000000000001
40,6.1,2.6,51.4,0.1,14.3,0.7,68.4,0.1,0.3,1.4,0.3,0.0,0.8,1,0.42622950819672134,3.9000000000000004
49,5.3,2.1,37.6,0.0,0.0,0.7,64.2,0.5,0.7,0.2,0.3,0.2,0.5,0,0.39622641509433965,3.5
41,4.2,1.7,34.8,0.1,21.4,0.5,73.1,0.1,0.2,1.0,0.3,0.0,0.4,0,0.4047619047619047,2.9
82,37.2,19.2,49.0,0.1,22.7,4.1,82.9,3.9,7.0,3.6,1.0,0.6,1.9,0,0.5161290322580645,33.5
82,37.2,19.2,49.0,0.1,22.7,4.1,82.9,3.9,7.0,3.6,1.0,0.6,1.9,1,0.5161290322580645,33.5
80,31.4,14.3,52.5,0.0,11.1,2.6,65.4,3.0,5.0,2.4,1.1,0.8,2.2,1,0.45541401273885357,24.400000000000002
82,30.5,13.3,48.9,0.0,16.7,2.6,66.6,2.3,2.8,2.5,1.5,0.3,2.2,1,0.4360655737704918,20.5
76,30.3,10.6,37.5,0.1,13.3,1.8,73.0,1.1,1.8,2.2,2.0,0.2,2.0,1,0.3498349834983498,15.899999999999999
61,29.6,12.0,45.4,0.7,32.0,1.6,74.8,1.3,1.8,4.6,1.0,0.3,2.5,0,0.4054054054054054,18.5
32,15.2,6.3,53.3,0.0,0.0,0.8,62.5,1.7,3.5,0.4,0.5,0.5,1.0,0,0.4144736842105263,11.9
76,29.3,10.4,51.4,0.0,0.0,2.5,80.7,2.4,3.5,1.6,0.7,0.6,1.5,1,0.35494880546075086,17.700000000000003
52,24.6,9.3,45.1,1.1,43.4,2.1,83.6,0.5,1.4,3.7,0.6,0.0,1.8,0,0.3780487804878049,13.700000000000001
76,22.5,8.8,41.5,0.0,0.0,1.2,73.6,1.7,3.4,1.7,0.8,0.5,1.3,1,0.39111111111111113,15.599999999999998
78,22.0,10.1,44.7,0.7,39.0,1.6,74.1,0.9,2.0,2.2,1.2,0.3,1.2,0,0.45909090909090905,15.600000000000001
51,20.7,8.4,49.7,0.0,0.0,2.0,66.7,2.3,3.1,0.8,0.5,0.5,1.5,1,0.4057971014492754,14.100000000000001
64,20.3,6.2,55.2,0.0,0.0,1.4,57.2,2.5,3.9,0.5,0.4,1.2,0.8,1,0.3054187192118227,13.9
55,20.3,10.4,52.9,0.0,0.0,1.8,51.5,2.1,4.1,0.7,0.4,1.5,1.4,1,0.5123152709359606,17.7
82,19.6,7.4,41.9,0.0,4.3,1.2,80.6,0.6,1.4,3.9,1.0,0.3,1.7,1,0.37755102040816324,12.900000000000002
48,18.9,9.1,52.8,0.0,0.0,2.0,66.9,2.4,3.3,0.7,0.8,1.1,1.8,1,0.4814814814814815,15.600000000000001
34,13.4,4.3,30.2,0.4,18.5,0.9,91.2,0.1,1.3,3.1,0.6,0.2,1.0,0,0.3208955223880597,8.599999999999998
42,18.6,8.5,40.0,0.7,35.7,1.5,83.3,0.7,1.2,1.1,0.8,0.1,1.1,1,0.45698924731182794,11.4
82,18.4,5.5,37.0,0.1,14.5,1.4,74.1,0.4,1.3,3.8,0.7,0.1,1.2,1,0.2989130434782609,10.6
64,17.0,7.0,39.0,0.0,23.1,1.1,74.5,0.6,1.4,3.2,1.1,0.1,1.5,1,0.4117647058823529,11.899999999999999
80,16.9,7.4,52.9,0.0,0.0,1.3,69.1,1.3,2.9,0.4,0.6,0.8,1.1,1,0.43786982248520717,12.300000000000002
77,15.1,5.6,46.7,0.0,21.4,1.1,81.0,1.4,2.5,0.4,0.3,0.6,0.9,1,0.3708609271523179,9.799999999999999
55,14.9,4.1,41.7,0.1,37.5,0.6,76.1,0.5,1.0,1.5,0.7,0.2,0.8,0,0.2751677852348993,7.2
48,14.8,5.1,40.7,0.0,9.5,0.9,80.4,0.6,1.1,2.1,0.9,0.0,1.3,0,0.34459459459459457,8.5
51,14.5,5.0,39.9,0.2,27.0,1.8,87.5,0.4,1.2,2.8,0.9,0.0,1.4,0,0.3448275862068966,8.8
51,13.2,3.9,40.2,0.2,36.7,0.4,76.9,0.6,1.5,0.8,0.3,0.2,0.7,0,0.29545454545454547,6.6
72,12.4,4.6,42.3,0.0,0.0,1.4,80.3,0.4,0.9,1.9,0.6,0.1,1.3,1,0.3709677419354838,7.199999999999998
69,11.8,3.6,45.2,0.0,100.0,0.3,82.1,1.1,1.6,0.6,0.5,0.3,0.6,1,0.30508474576271183,7.1000000000000005
54,11.3,5.7,56.8,0.0,0.0,1.3,66.1,1.4,2.0,0.3,0.6,0.7,0.8,1,0.504424778761062,9.899999999999999
24,10.6,4.1,30.3,0.6,36.6,1.0,66.7,0.1,0.5,1.5,0.7,0.1,1.3,0,0.38679245283018865,5.8
50,9.6,4.1,41.5,0.1,19.2,0.9,75.4,0.4,0.7,1.8,0.6,0.1,1.0,1,0.4270833333333333,6.699999999999998
56,9.6,3.4,45.6,0.0,0.0,0.7,65.5,0.5,0.8,1.1,0.6,0.2,0.8,1,0.3541666666666667,5.699999999999999
67,9.0,3.7,38.8,0.4,29.2,0.5,75.6,0.1,0.6,1.4,0.4,0.1,1.0,0,0.41111111111111115,5.300000000000001
50,8.7,2.5,38.0,0.0,14.3,0.5,65.9,0.3,0.5,1.6,0.7,0.1,1.0,1,0.2873563218390805,4.7
45,8.5,2.7,47.5,0.0,0.0,0.5,75.0,0.7,0.8,0.3,0.2,0.2,0.6,1,0.31764705882352945,4.300000000000001
38,8.2,3.4,36.8,0.2,22.2,0.5,82.6,0.3,0.6,0.7,0.3,0.1,0.6,0,0.41463414634146345,4.8
42,8.2,2.8,43.9,0.0,0.0,0.7,52.5,0.9,1.0,0.3,0.1,0.1,0.8,0,0.34146341463414637,4.399999999999999
54,8.2,3.2,45.6,0.1,18.8,0.6,74.4,0.7,0.6,0.6,0.2,0.1,0.5,0,0.39024390243902446,4.8999999999999995
35,7.3,4.0,39.2,0.1,20.0,0.4,53.6,0.6,0.6,0.6,0.4,0.2,0.8,0,0.547945205479452,5.6000000000000005
37,7.3,2.8,44.3,0.1,18.2,0.5,81.0,0.4,0.7,0.3,0.2,0.1,0.5,0,0.3835616438356164,4.0
46,6.7,2.6,43.1,0.2,27.0,0.2,52.6,0.4,0.4,0.5,0.2,0.0,0.3,0,0.3880597014925373,3.8000000000000007
51,6.4,2.2,38.4,0.3,43.3,0.3,83.3,0.3,0.5,0.3,0.1,0.0,0.3,0,0.34375,3.1
40,5.3,2.2,38.0,0.0,0.0,0.9,75.6,0.5,0.7,0.3,0.1,0.1,0.5,0,0.4150943396226416,3.4000000000000004
19,4.8,1.6,37.8,0.0,0.0,0.2,37.5,0.6,0.4,0.4,0.3,0.2,0.3,0,0.33333333333333337,3.2
36,4.3,1.3,35.3,0.1,11.8,0.3,66.7,0.2,0.4,0.6,0.1,0.0,0.5,0,0.3023255813953489,2.1
79,37.7,18.0,42.2,0.0,27.3,4.1,73.6,2.4,6.4,4.0,1.4,1.1,2.9,1,0.47745358090185674,30.400000000000006
55,13.1,3.4,30.4,0.4,20.4,0.6,74.5,0.4,0.8,0.5,0.7,0.1,0.7,0,0.2595419847328244,5.199999999999999
74,35.2,18.4,46.7,0.2,34.2,4.4,73.1,3.6,6.6,2.2,1.0,1.3,2.9,1,0.5227272727272726,30.299999999999997
64,33.5,14.3,40.6,1.1,36.5,4.0,77.0,0.8,1.9,4.0,1.3,0.2,2.5,0,0.42686567164179107,20.1
82,28.5,15.7,42.5,1.5,37.4,1.9,75.0,0.8,2.1,1.6,0.8,0.3,1.6,1,0.5508771929824561,19.7
82,27.4,7.2,45.0,0.0,7.7,0.8,71.1,1.3,1.6,6.4,2.0,0.2,2.2,1,0.26277372262773724,16.6
81,25.9,7.1,51.2,0.0,0.0,2.2,72.2,3.4,4.6,0.3,0.6,1.5,0.9,1,0.27413127413127414,16.5
76,25.4,12.0,44.1,0.1,13.3,3.0,78.2,1.5,2.0,1.4,0.9,0.3,1.9,1,0.4724409448818898,16.1
82,23.7,8.7,46.4,0.1,20.6,1.7,87.3,0.5,1.7,4.2,1.0,0.2,1.7,0,0.36708860759493667,14.599999999999998
82,23.7,8.7,46.4,0.1,20.6,1.7,87.3,0.5,1.7,4.2,1.0,0.2,1.7,1,0.36708860759493667,14.599999999999998
49,9.2,1.9,32.7,0.1,21.4,0.5,64.9,0.2,0.7,1.7,0.5,0.1,0.6,0,0.20652173913043478,4.4
49,9.2,1.9,32.7,0.1,21.4,0.5,64.9,0.2,0.7,1.7,0.5,0.1,0.6,1,0.20652173913043478,4.4
82,23.7,11.0,45.0,0.0,14.3,1.9,83.5,1.3,1.9,3.7,1.3,0.5,2.0,1,0.4641350210970464,17.7
76,22.6,6.9,50.8,0.0,0.0,1.4,63.6,1.9,3.3,0.9,0.6,1.9,1.3,1,0.3053097345132743,14.1
67,22.5,14.1,41.3,0.4,24.0,1.3,85.7,0.5,1.3,3.1,0.8,0.1,1.6,1,0.6266666666666667,18.3
70,20.6,8.8,43.9,0.0,9.7,1.6,70.7,0.9,1.2,2.5,0.4,0.2,1.6,0,0.4271844660194175,12.4
81,20.5,8.6,42.8,0.3,29.9,1.5,81.6,1.2,2.3,1.8,0.5,0.3,1.5,1,0.4195121951219512,13.200000000000001
33,19.5,7.2,49.7,0.1,40.0,2.3,84.3,1.4,1.9,1.4,0.6,0.3,0.9,1,0.36923076923076925,11.9
58,19.3,5.3,41.7,0.0,0.0,1.2,55.0,2.3,3.3,0.4,0.6,1.2,0.9,0,0.27461139896373055,12.199999999999998
70,16.9,7.2,41.9,0.1,25.0,1.1,79.6,0.5,1.1,1.3,0.3,0.1,1.0,0,0.42603550295857995,9.600000000000001
82,16.5,4.9,41.2,0.1,17.6,0.9,74.7,0.7,1.2,2.8,0.8,0.1,1.2,1,0.296969696969697,9.300000000000002
62,16.2,6.9,38.0,0.3,29.2,1.5,77.3,0.7,1.2,1.2,0.5,0.1,1.2,0,0.425925925925926,9.4
78,16.1,6.2,42.5,0.0,0.0,1.1,67.2,1.5,2.8,0.4,0.2,0.3,1.4,0,0.3850931677018633,10.0
73,16.1,5.5,48.7,0.0,0.0,0.7,66.2,1.7,3.1,0.5,0.3,0.3,0.7,1,0.3416149068322981,10.700000000000003
74,16.1,5.3,49.2,0.0,0.0,1.3,63.2,2.1,3.1,0.3,0.5,0.4,1.0,1,0.3291925465838509,10.700000000000001
76,15.4,6.7,42.1,0.2,29.8,0.8,63.0,1.5,1.4,0.8,0.6,0.3,0.9,0,0.43506493506493504,10.4
55,14.9,5.7,46.5,0.0,0.0,0.9,71.2,1.5,2.7,0.6,0.6,0.5,0.8,1,0.3825503355704698,10.799999999999999
47,14.3,5.6,44.6,0.0,18.2,1.0,58.8,0.4,1.1,2.8,0.7,0.2,1.6,0,0.39160839160839156,9.199999999999998
37,13.6,8.1,44.1,0.6,40.0,1.4,72.2,0.7,1.4,0.9,0.4,0.1,1.0,1,0.5955882352941176,10.6
62,13.3,4.3,46.5,0.0,0.0,0.9,64.4,0.8,1.9,0.6,0.2,0.2,1.0,0,0.3233082706766917,7.0
62,12.5,3.9,38.4,0.1,16.1,1.0,80.5,0.3,0.8,1.3,0.5,0.1,0.9,0,0.312,5.8999999999999995
51,11.9,6.9,43.8,0.0,11.8,1.0,68.4,1.1,0.9,0.8,0.6,0.2,0.8,0,0.5798319327731093,9.7
36,11.8,3.9,41.3,0.0,0.0,0.4,55.6,0.8,0.6,1.0,0.4,0.0,0.8,1,0.33050847457627114,5.9
74,11.6,3.1,41.6,0.0,25.0,0.6,65.2,0.8,1.1,0.7,0.5,0.2,0.3,1,0.26724137931034486,6.1000000000000005
63,11.6,8.2,48.7,0.0,16.7,1.7,66.3,1.2,1.2,0.6,0.3,0.1,1.1,1,0.7068965517241379,10.5
33,10.8,2.2,34.8,0.1,27.3,0.3,64.3,0.2,2.0,0.8,0.5,0.2,0.3,0,0.20370370370370372,5.6000000000000005
54,11.2,4.4,46.0,0.0,0.0,0.8,68.9,1.0,1.8,0.7,0.2,0.4,0.8,1,0.3928571428571429,7.7
73,11.0,3.8,40.8,0.1,27.8,0.7,73.2,0.2,0.8,1.2,0.5,0.1,0.7,0,0.34545454545454546,6.0
15,10.9,3.6,40.4,0.0,0.0,1.1,66.7,0.8,2.2,0.2,0.3,0.3,0.7,0,0.3302752293577982,6.699999999999999
64,10.9,3.7,44.1,0.0,0.0,0.6,70.2,0.4,0.7,2.1,0.4,0.2,1.1,1,0.3394495412844037,6.4
56,10.6,3.4,41.5,0.0,0.0,0.6,80.0,0.3,0.5,1.9,0.5,0.1,0.8,0,0.32075471698113206,5.8999999999999995
64,10.6,3.2,39.1,0.0,0.0,0.9,69.6,0.4,0.8,1.0,0.3,0.1,0.8,0,0.30188679245283023,5.0
68,10.1,3.1,41.8,0.3,33.3,0.6,90.5,0.2,0.5,1.9,0.5,0.0,0.6,1,0.3069306930693069,5.700000000000001
47,10.0,2.9,40.3,0.3,37.5,0.5,75.8,0.7,0.7,0.7,0.3,0.0,0.5,0,0.29,4.8
52,9.8,3.5,44.7,0.0,50.0,0.7,66.1,0.8,1.3,0.3,0.2,0.1,0.8,1,0.3571428571428571,5.3999999999999995
64,9.5,3.7,40.0,0.1,40.0,0.5,77.8,0.5,0.5,0.4,0.3,0.2,0.5,0,0.38947368421052636,5.1000000000000005
34,10.8,2.9,36.7,0.0,0.0,0.4,44.4,0.8,1.1,0.5,0.1,0.1,0.7,0,0.2685185185185185,4.799999999999999
42,9.5,3.8,43.9,0.0,0.0,0.5,55.0,0.7,2.2,0.4,0.1,0.7,0.8,1,0.39999999999999997,7.1
50,9.3,4.5,45.8,0.1,15.8,0.6,84.8,0.4,0.9,0.7,0.2,0.0,1.0,1,0.48387096774193544,5.7
52,7.3,2.8,45.5,0.0,0.0,0.6,65.3,0.8,1.1,0.2,0.2,0.7,0.3,1,0.3835616438356164,5.4
75,7.0,2.9,52.0,0.0,0.0,0.5,68.0,0.7,1.0,0.4,0.1,0.4,0.6,0,0.41428571428571426,4.9
39,6.8,2.2,42.0,0.2,24.0,0.3,48.0,0.8,1.0,0.5,0.4,0.3,0.3,1,0.3235294117647059,4.800000000000001
51,6.6,2.5,51.0,0.0,50.0,0.4,71.4,0.8,1.1,0.3,0.2,0.3,0.5,1,0.3787878787878788,4.7
52,6.2,1.3,37.3,0.0,0.0,0.2,54.5,0.8,0.7,0.1,0.1,0.1,0.1,0,0.20967741935483872,3.0
39,5.8,1.5,51.3,0.0,0.0,0.5,90.5,0.5,0.6,0.2,0.1,0.1,0.1,1,0.25862068965517243,3.0000000000000004
82,36.6,24.3,53.1,0.0,0.0,7.5,73.2,3.7,8.3,2.0,1.7,3.9,3.1,1,0.6639344262295082,40.8
31,10.7,3.4,35.3,0.5,25.8,0.5,55.2,0.3,1.1,0.4,0.3,0.1,0.2,0,0.31775700934579443,5.3999999999999995
79,33.7,14.7,47.1,0.3,27.4,2.7,76.4,0.7,3.2,8.7,2.1,0.1,3.3,0,0.43620178041543023,26.2
79,33.7,14.7,47.1,0.3,27.4,2.7,76.4,0.7,3.2,8.7,2.1,0.1,3.3,1,0.43620178041543023,26.2
82,33.6,11.1,44.0,0.0,0.0,2.3,66.4,2.4,6.0,1.2,1.1,0.7,2.1,1,0.33035714285714285,20.4
82,31.5,11.4,46.1,0.3,27.7,0.8,58.9,0.7,2.0,6.8,1.6,0.3,1.7,1,0.3619047619047619,21.000000000000004
81,30.5,14.3,49.4,0.1,16.1,2.8,68.7,0.9,1.7,7.6,1.8,0.1,3.0,1,0.46885245901639344,23.3
80,30.2,12.7,44.6,0.0,0.0,3.4,76.8,2.3,3.5,1.1,0.8,0.7,1.2,1,0.4205298013245033,19.900000000000002
77,30.0,13.6,43.9,0.2,24.6,1.2,73.4,1.3,3.3,1.8,0.9,0.3,1.5,1,0.4533333333333333,19.7
77,30.0,13.6,43.9,0.2,24.6,1.2,73.4,1.3,3.3,1.8,0.9,0.3,1.5,0,0.4533333333333333,19.7
50,25.3,10.1,37.1,0.4,22.5,1.3,77.8,0.8,2.0,4.2,1.6,0.3,2.2,1,0.3992094861660079,16.8
81,25.1,10.0,48.1,0.0,11.1,2.3,86.6,1.6,2.1,1.9,0.6,0.2,1.4,1,0.398406374501992,14.999999999999998
82,23.0,8.9,50.7,0.1,30.0,1.8,71.9,0.8,2.2,1.8,0.9,0.4,1.9,1,0.3869565217391305,13.200000000000001
50,10.6,3.7,44.9,0.0,13.3,0.6,57.4,0.9,2.0,0.3,0.2,0.4,0.4,0,0.34905660377358494,7.1
81,22.0,11.5,49.4,0.0,5.9,2.3,70.5,1.3,2.6,1.5,0.8,0.4,1.7,1,0.5227272727272727,16.4
82,21.7,8.9,50.4,0.0,0.0,2.4,72.7,2.1,2.6,1.1,0.5,0.7,1.4,1,0.4101382488479263,14.5
81,20.1,9.7,40.5,1.2,39.9,1.1,80.9,0.4,1.2,2.5,0.7,0.0,1.5,1,0.48258706467661683,12.999999999999998
69,19.6,6.3,41.1,0.0,13.3,1.3,70.5,1.1,1.2,0.6,0.6,0.2,0.7,0,0.3214285714285714,9.299999999999999
82,19.1,9.1,39.7,0.1,27.3,1.7,55.0,1.3,2.4,0.9,0.7,0.7,1.6,1,0.4764397905759162,13.599999999999998
55,18.0,6.1,47.9,0.0,0.0,1.2,66.7,1.5,1.9,1.0,0.4,0.2,1.1,0,0.33888888888888885,10.0
75,17.9,7.3,47.0,0.0,0.0,1.7,76.2,1.1,2.0,0.7,0.4,0.3,0.9,1,0.40782122905027934,10.9
72,17.0,8.7,49.7,0.0,0.0,2.3,72.2,2.6,2.4,0.6,0.3,0.2,0.7,0,0.5117647058823529,14.1
79,16.8,8.0,48.6,0.0,0.0,1.6,74.7,0.6,1.3,1.5,0.7,0.2,1.2,1,0.47619047619047616,11.1
25,10.4,3.3,39.5,0.2,38.5,0.7,69.2,1.1,2.3,0.2,0.2,0.4,0.4,0,0.3173076923076923,7.1
81,15.9,5.6,48.5,0.0,50.0,0.9,88.5,0.2,1.0,2.5,0.6,0.1,1.0,1,0.3522012578616352,9.099999999999998
63,14.0,4.7,46.6,0.0,0.0,0.9,62.1,1.5,2.2,0.4,0.4,0.4,1.1,1,0.33571428571428574,8.400000000000002
81,13.8,6.5,47.9,0.0,16.7,1.4,73.6,1.8,2.5,0.3,0.6,0.9,1.3,1,0.47101449275362317,11.3
61,13.2,5.3,43.7,0.0,0.0,1.0,64.3,1.0,1.8,0.8,0.2,0.2,0.8,1,0.40151515151515155,8.499999999999998
43,13.0,4.6,40.6,0.1,14.3,0.4,68.0,0.2,1.0,1.9,0.3,0.1,0.8,0,0.3538461538461538,7.3
55,12.9,4.3,36.9,0.0,7.1,0.9,56.2,1.4,1.7,0.4,0.4,0.1,0.8,1,0.3333333333333333,7.500000000000001
59,12.4,4.1,54.7,0.0,25.0,0.9,67.1,0.7,1.4,0.6,0.6,0.2,0.5,0,0.33064516129032256,7.099999999999999
66,11.3,5.9,45.9,0.0,0.0,2.3,77.7,1.0,1.0,0.7,0.5,0.1,1.2,1,0.5221238938053098,8.1
70,34.5,16.7,40.5,0.8,26.4,3.7,70.3,1.4,4.8,6.3,1.9,0.6,3.5,0,0.4840579710144927,28.2
77,11.0,3.5,42.9,0.2,28.6,0.5,66.0,0.2,0.6,2.3,0.3,0.0,1.1,0,0.3181818181818182,5.699999999999999
37,10.9,3.9,29.8,0.2,23.3,1.2,69.4,0.2,0.7,1.8,0.5,0.1,1.4,0,0.35779816513761464,5.799999999999999
67,10.1,3.1,38.4,0.0,18.8,0.6,66.1,0.2,0.6,2.5,0.5,0.0,1.1,1,0.3069306930693069,5.9
42,9.8,1.9,43.0,0.0,0.0,0.2,50.0,1.0,1.8,0.5,0.2,0.3,0.4,0,0.19387755102040813,5.3999999999999995
50,9.8,5.2,47.3,0.1,35.7,1.2,67.0,0.6,0.9,0.9,0.6,0.0,0.8,0,0.5306122448979592,7.400000000000001
65,9.5,5.0,47.6,0.0,7.1,0.8,82.8,0.6,0.9,1.2,0.1,0.0,0.8,0,0.5263157894736842,7.0
65,9.5,5.0,47.6,0.0,7.1,0.8,82.8,0.6,0.9,1.2,0.1,0.0,0.8,1,0.5263157894736842,7.0
82,21.2,6.9,54.2,0.0,0.0,1.5,48.5,2.1,3.8,0.8,0.7,0.6,1.3,0,0.3254716981132076,13.6
82,21.2,6.9,54.2,0.0,0.0,1.5,48.5,2.1,3.8,0.8,0.7,0.6,1.3,1,0.3254716981132076,13.6
44,9.4,2.7,31.3,0.3,32.5,0.3,78.9,0.3,0.7,1.0,0.4,0.1,0.8,1,0.2872340425531915,4.4
36,8.8,4.3,47.5,0.0,0.0,1.1,61.5,0.6,0.8,0.6,0.5,0.2,0.7,0,0.4886363636363636,6.299999999999999
60,8.7,2.9,44.4,0.0,0.0,0.9,69.7,0.2,0.9,1.7,0.6,0.1,0.6,1,0.33333333333333337,5.8999999999999995
60,8.7,2.9,44.4,0.0,0.0,0.9,69.7,0.2,0.9,1.7,0.6,0.1,0.6,1,0.33333333333333337,5.8999999999999995
60,8.7,2.9,44.4,0.0,0.0,0.9,69.7,0.2,0.9,1.7,0.6,0.1,0.6,0,0.33333333333333337,5.8999999999999995
71,30.4,16.3,49.5,0.0,0.0,4.0,72.5,2.4,4.1,1.5,1.0,1.3,2.1,1,0.5361842105263158,24.5
71,30.4,16.3,49.5,0.0,0.0,4.0,72.5,2.4,4.1,1.5,1.0,1.3,2.1,1,0.5361842105263158,24.5
71,30.4,16.3,49.5,0.0,0.0,4.0,72.5,2.4,4.1,1.5,1.0,1.3,2.1,0,0.5361842105263158,24.5
34,8.6,3.5,39.2,0.4,31.9,0.2,54.5,0.4,0.4,0.6,0.3,0.2,0.8,1,0.4069767441860465,4.6
34,8.6,3.5,39.2,0.4,31.9,0.2,54.5,0.4,0.4,0.6,0.3,0.2,0.8,1,0.4069767441860465,4.6
34,8.6,3.5,39.2,0.4,31.9,0.2,54.5,0.4,0.4,0.6,0.3,0.2,0.8,0,0.4069767441860465,4.6
45,8.3,4.5,49.4,0.0,0.0,0.9,60.9,1.3,1.1,0.4,0.2,0.1,0.9,0,0.5421686746987951,6.7
70,32.3,12.8,38.0,1.6,33.0,1.5,90.3,0.5,2.4,5.7,0.6,0.1,1.9,0,0.3962848297213623,20.300000000000004
57,7.7,2.0,36.8,0.1,25.0,0.4,61.5,0.4,0.8,0.4,0.3,0.1,0.4,0,0.2597402597402597,3.6
52,7.3,2.6,39.3,0.1,27.3,0.5,81.3,0.5,0.9,0.3,0.2,0.1,0.6,1,0.35616438356164387,3.9
51,6.5,1.9,55.3,0.0,0.0,0.3,46.4,0.7,1.4,0.1,0.2,0.3,0.6,1,0.29230769230769227,3.9999999999999996
35,6.2,3.3,43.5,0.1,40.0,0.5,88.9,0.3,0.4,0.3,0.2,0.2,0.6,0,0.532258064516129,4.1000000000000005
48,5.7,1.1,23.8,0.0,16.7,0.3,76.5,0.2,0.4,1.3,0.3,0.0,0.5,0,0.1929824561403509,2.8
21,4.9,0.7,33.3,0.0,0.0,0.1,50.0,0.2,0.9,0.1,0.1,0.3,0.1,0,0.14285714285714285,2.1999999999999997
36,4.3,2.0,33.8,0.1,28.6,0.7,80.0,0.2,0.4,0.3,0.1,0.0,0.6,0,0.46511627906976744,2.4
21,4.1,2.2,37.5,0.0,25.0,0.4,69.2,0.6,0.5,0.0,0.1,0.4,0.3,0,0.5365853658536587,3.5000000000000004
79,34.4,22.0,46.8,0.4,36.7,5.2,81.0,2.0,3.9,4.2,1.0,0.2,3.4,1,0.6395348837209303,29.900000000000006
81,33.8,18.6,49.8,0.0,19.0,2.8,77.5,1.9,3.3,4.6,1.9,0.8,3.2,1,0.5502958579881657,27.800000000000004
80,31.1,13.8,41.9,0.9,32.7,3.1,78.0,0.5,3.6,4.1,1.6,0.5,3.2,0,0.4437299035369775,20.900000000000002
79,32.6,15.1,45.5,0.9,42.8,3.1,83.1,0.6,2.2,3.0,1.5,0.5,2.0,1,0.46319018404907975,20.9
79,29.7,13.8,42.5,0.1,27.0,1.8,74.6,1.1,2.2,4.4,1.8,0.3,3.1,1,0.4646464646464647,20.5
82,29.7,11.9,48.6,0.0,0.0,3.7,74.9,2.9,3.7,1.8,1.5,0.6,2.5,1,0.4006734006734007,20.000000000000004
75,29.6,16.9,41.4,0.8,31.4,2.1,79.5,1.0,1.5,2.3,0.9,0.3,1.5,1,0.5709459459459458,21.4
82,28.1,8.6,43.3,0.0,0.0,1.3,82.6,1.5,3.1,5.8,0.9,0.3,2.3,1,0.3060498220640569,17.9
76,27.6,14.1,45.7,0.8,36.6,2.4,71.7,2.5,2.8,1.6,1.3,0.8,2.5,1,0.5108695652173912,20.500000000000004
71,27.1,11.9,43.5,0.1,22.7,1.7,73.5,1.1,2.2,7.1,2.0,0.1,3.6,1,0.43911439114391143,20.9
79,26.1,11.7,43.2,0.4,24.8,2.3,74.5,0.6,1.9,3.8,1.1,0.1,2.3,1,0.44827586206896547,17.0
82,26.7,8.8,37.6,1.2,32.0,1.4,80.4,0.6,2.2,1.0,0.6,0.2,1.2,0,0.32958801498127344,12.3
54,25.1,8.6,41.9,0.5,32.9,1.4,61.4,1.1,2.7,2.4,1.2,0.3,0.9,1,0.3426294820717131,15.500000000000002
55,22.2,8.0,42.0,0.0,25.0,1.9,67.3,2.1,3.1,2.1,0.7,0.5,1.9,0,0.3603603603603604,14.6
64,22.0,11.0,45.0,1.0,40.6,2.0,78.9,0.9,2.2,1.3,0.6,0.3,1.3,0,0.5,15.0
71,21.1,6.4,49.0,0.0,0.0,1.4,80.3,0.5,1.7,3.4,1.1,0.1,1.6,0,0.3033175355450237,11.600000000000001
36,20.3,5.7,41.7,0.0,14.3,1.6,69.5,1.2,1.3,4.3,1.2,0.1,2.3,0,0.28078817733990147,11.5
65,18.5,7.4,50.1,0.0,0.0,1.5,57.1,1.8,2.7,1.0,1.0,0.3,1.2,0,0.4,13.000000000000002
80,19.5,7.1,47.5,0.1,30.0,1.1,85.0,0.6,1.5,2.6,0.8,0.2,1.0,1,0.3641025641025641,11.799999999999999
32,19.3,6.8,46.7,0.1,20.0,0.6,69.2,0.3,1.2,3.7,0.8,0.1,1.7,0,0.35233160621761656,11.200000000000001
81,19.0,9.3,43.7,0.1,20.8,2.4,78.3,1.4,1.8,1.0,0.6,0.1,1.7,0,0.48947368421052634,12.5
80,18.2,11.5,43.4,0.1,22.5,3.4,78.6,1.3,1.0,1.5,0.5,0.1,1.6,1,0.6318681318681318,14.3
71,16.8,5.6,46.4,0.0,0.0,0.5,59.6,1.1,1.2,1.1,0.5,0.4,0.4,1,0.3333333333333333,9.5
81,16.8,8.9,46.7,0.2,32.2,2.1,74.5,0.6,1.3,3.9,1.2,0.0,1.8,1,0.5297619047619048,14.2
82,16.7,5.2,42.0,0.7,35.9,0.7,88.4,0.2,0.9,3.7,0.8,0.0,0.8,1,0.31137724550898205,10.0
24,14.7,5.1,44.3,0.0,0.0,1.5,57.8,0.8,1.3,0.9,0.7,0.1,1.4,0,0.3469387755102041,7.499999999999998
65,14.5,5.5,48.8,0.0,0.0,1.8,68.9,1.5,2.1,0.3,0.2,0.2,0.7,0,0.3793103448275862,9.1
56,14.3,5.0,48.6,0.0,0.0,0.7,58.0,1.2,2.0,0.6,0.4,0.1,0.7,1,0.34965034965034963,8.6
36,7.0,1.6,43.1,0.0,0.0,0.3,69.2,0.7,1.2,0.2,0.1,0.1,0.3,1,0.2285714285714286,3.6000000000000005
51,13.4,4.8,44.5,0.0,0.0,1.1,72.5,0.6,1.6,0.8,0.4,0.3,0.9,0,0.3582089552238806,7.6
75,10.4,4.3,54.5,0.0,0.0,1.1,69.9,0.6,2.0,0.2,0.1,0.3,0.9,1,0.41346153846153844,6.699999999999999
54,10.2,4.8,42.6,0.0,0.0,0.8,38.4,1.6,2.1,1.1,0.4,0.1,0.9,1,0.47058823529411764,9.2
62,9.9,4.1,53.7,0.0,25.0,0.6,61.5,1.0,1.1,0.3,0.3,0.5,0.6,1,0.4141414141414141,6.699999999999999
82,9.5,1.7,30.1,0.0,7.1,0.7,78.1,0.3,0.8,2.6,0.3,0.1,1.1,1,0.17894736842105263,4.699999999999999
53,9.4,2.2,36.6,0.2,29.4,0.3,60.9,0.1,0.4,2.2,0.5,0.1,1.0,0,0.23404255319148937,4.5
47,9.4,2.9,40.2,0.0,16.7,0.7,83.3,0.3,0.6,2.3,0.5,0.2,1.3,0,0.30851063829787234,5.5
36,8.8,4.1,40.8,0.3,38.5,0.9,65.4,0.4,0.7,0.8,0.6,0.1,1.1,1,0.46590909090909083,5.599999999999998
62,8.5,2.6,51.3,0.0,0.0,0.6,65.0,0.9,1.5,0.1,0.3,0.8,0.5,1,0.3058823529411765,5.699999999999999
37,8.3,3.5,49.0,0.0,0.0,0.8,67.4,0.5,0.7,0.5,0.5,0.2,0.5,0,0.4216867469879518,5.5
60,8.1,3.1,49.4,0.0,0.0,0.4,50.0,0.8,1.7,0.4,0.3,0.3,0.5,1,0.3827160493827161,6.2
51,8.0,2.2,40.4,0.1,25.0,0.3,81.3,0.3,0.7,1.5,0.5,0.1,0.7,1,0.275,4.499999999999999
42,7.9,4.0,43.0,0.0,10.0,0.5,69.0,0.5,0.8,0.5,0.3,0.1,0.5,1,0.5063291139240506,5.699999999999999
33,7.8,3.8,48.0,0.0,10.0,0.8,82.4,0.5,0.6,0.4,0.4,0.1,0.4,1,0.48717948717948717,5.4
33,7.8,3.8,48.0,0.0,10.0,0.8,82.4,0.5,0.6,0.4,0.4,0.1,0.4,0,0.48717948717948717,5.4
57,10.0,3.3,36.9,0.1,30.8,1.3,63.8,1.0,1.2,0.8,0.7,0.4,1.2,1,0.32999999999999996,6.2
57,10.0,3.3,36.9,0.1,30.8,1.3,63.8,1.0,1.2,0.8,0.7,0.4,1.2,0,0.32999999999999996,6.2
24,17.4,5.3,41.8,0.4,24.4,0.6,60.0,0.3,1.6,0.8,1.0,0.4,1.1,0,0.3045977011494253,8.2
77,22.6,6.0,46.0,0.9,40.1,0.7,71.2,0.9,2.3,0.9,0.7,0.2,0.8,0,0.2654867256637168,10.199999999999998
72,7.3,2.5,41.5,0.0,0.0,0.8,73.8,0.7,0.6,0.6,0.3,0.0,0.5,0,0.3424657534246575,4.199999999999999
49,7.3,2.6,36.4,0.0,22.2,0.6,66.0,0.2,0.4,1.4,0.3,0.1,0.9,1,0.35616438356164387,4.099999999999999
46,6.8,3.3,50.4,0.0,40.0,0.5,70.6,0.6,0.6,0.4,0.3,0.1,0.7,0,0.4852941176470588,4.5
43,6.8,1.6,34.9,0.0,11.1,0.2,56.3,0.3,0.3,1.7,0.5,0.1,0.4,1,0.23529411764705885,4.1
35,6.0,1.9,31.9,0.1,20.0,0.5,77.3,0.3,0.3,1.1,0.3,0.1,0.8,0,0.31666666666666665,3.3
51,5.7,2.2,47.4,0.0,0.0,0.7,78.3,0.4,1.0,0.2,0.2,0.0,0.5,1,0.3859649122807018,3.5
41,5.6,2.4,42.2,0.0,0.0,0.7,68.2,0.5,0.5,0.2,0.2,0.1,0.3,1,0.4285714285714286,3.6000000000000005
82,39.6,13.6,43.2,0.4,25.4,2.5,77.4,1.5,3.4,10.6,2.5,0.1,3.1,1,0.3434343434343434,28.5
61,35.6,13.8,47.7,0.2,30.8,2.7,81.9,0.7,1.6,7.1,1.5,0.1,3.0,1,0.38764044943820225,21.800000000000004
58,22.6,7.2,43.7,0.3,29.0,1.0,65.6,0.6,2.0,3.2,0.6,0.3,1.0,0,0.3185840707964602,12.9
55,32.9,14.8,47.5,0.0,0.0,2.4,67.9,2.4,5.5,1.3,1.1,0.5,2.2,1,0.4498480243161095,23.400000000000006
67,31.7,12.4,43.9,0.2,33.3,2.1,87.9,1.0,2.4,6.4,1.7,0.1,2.5,1,0.3911671924290221,21.500000000000004
42,27.1,7.6,40.7,0.1,20.0,1.1,83.3,1.2,3.2,2.3,0.9,0.4,1.8,1,0.28044280442804426,13.899999999999999
35,24.5,10.4,35.6,0.4,22.4,1.4,72.7,1.6,1.8,1.7,0.8,0.6,1.8,1,0.4244897959183674,15.100000000000001
35,24.5,10.4,35.6,0.4,22.4,1.4,72.7,1.6,1.8,1.7,0.8,0.6,1.8,1,0.4244897959183674,15.100000000000001
82,24.2,11.7,50.1,0.0,20.0,2.4,60.4,2.0,4.3,1.0,0.7,1.5,1.7,1,0.4834710743801653,19.5
80,24.0,9.2,46.1,0.1,20.8,2.2,83.9,0.5,1.9,5.5,1.3,0.3,1.8,1,0.3833333333333333,16.900000000000002
81,22.6,7.7,50.1,0.0,0.0,1.4,62.6,1.9,3.6,1.1,0.6,0.7,1.1,1,0.3407079646017699,14.499999999999998
82,22.4,10.0,48.8,0.7,35.5,1.8,80.1,1.2,1.2,1.6,0.7,0.2,1.2,1,0.44642857142857145,13.6
61,22.4,9.6,40.4,0.2,26.7,2.1,74.0,1.0,1.3,1.9,0.9,0.4,1.9,1,0.4285714285714286,13.2
66,21.7,8.6,48.2,0.0,0.0,1.3,51.2,1.5,2.5,1.2,0.7,0.5,1.6,1,0.39631336405529954,13.399999999999999
59,22.2,8.0,42.3,0.8,33.8,1.9,81.5,0.7,3.0,1.6,0.5,0.8,0.8,0,0.3603603603603604,13.799999999999999
79,20.9,7.9,46.3,0.1,17.4,1.3,57.6,1.5,2.3,2.1,1.1,0.7,1.7,1,0.3779904306220096,13.899999999999999
82,20.8,8.5,49.1,0.1,36.7,2.1,77.2,1.4,2.6,1.3,0.8,0.8,1.3,1,0.40865384615384615,14.100000000000001
79,20.6,5.0,39.0,0.0,18.8,0.7,78.4,0.4,1.3,5.1,1.6,0.0,1.3,1,0.24271844660194172,12.1
78,20.5,8.1,42.8,0.0,0.0,1.9,72.5,1.2,3.0,1.4,0.7,0.3,1.4,1,0.39512195121951216,13.3
24,17.5,5.2,39.1,0.4,38.5,1.2,72.5,0.1,1.0,2.9,1.0,0.1,1.0,0,0.29714285714285715,9.3
39,16.5,5.7,45.9,0.0,0.0,1.4,87.1,1.5,3.0,0.8,0.3,0.1,0.9,1,0.34545454545454546,10.5
75,15.0,5.6,43.0,0.0,0.0,1.4,70.7,0.7,2.2,0.9,0.5,0.9,1.6,0,0.3733333333333333,9.200000000000001
79,14.6,3.6,53.2,0.0,0.0,0.9,64.0,1.3,2.1,0.5,0.4,0.3,0.7,1,0.24657534246575344,7.500000000000001
58,13.1,2.7,37.4,0.1,24.0,0.4,71.9,0.3,0.7,3.1,0.3,0.1,1.0,0,0.20610687022900764,6.2
49,11.9,5.3,44.6,0.0,0.0,0.8,72.2,0.2,0.4,1.2,0.4,0.0,1.0,0,0.4453781512605042,6.5
70,10.3,4.2,49.6,0.0,23.1,0.7,80.6,0.7,1.3,0.7,0.3,0.6,0.8,1,0.4077669902912621,7.0
40,9.5,3.8,42.2,0.1,20.0,0.7,89.7,0.1,0.6,1.5,0.1,0.1,0.6,0,0.39999999999999997,5.6
55,9.3,3.1,47.4,0.0,0.0,0.7,56.3,1.3,1.3,0.4,0.2,0.3,0.6,1,0.3333333333333333,6.000000000000001
59,8.7,2.5,47.0,0.0,0.0,0.4,73.5,0.3,0.4,1.7,0.6,0.0,0.9,0,0.2873563218390805,4.6
44,8.3,2.4,40.4,0.0,0.0,0.4,81.0,0.1,0.5,2.0,0.4,0.0,0.9,0,0.2891566265060241,4.5
49,8.3,4.5,46.6,0.0,0.0,0.8,70.2,0.6,0.7,0.5,0.3,0.3,0.6,1,0.5421686746987951,6.3
44,7.6,1.1,38.5,0.0,0.0,0.2,44.4,0.5,1.3,0.4,0.2,0.3,0.5,0,0.14473684210526316,3.4
41,6.6,1.9,36.7,0.0,0.0,0.5,66.7,0.6,1.1,0.5,0.1,0.3,0.6,0,0.2878787878787879,3.899999999999999
36,6.3,1.3,37.5,0.1,28.6,0.2,61.5,0.1,0.3,0.6,0.2,0.0,0.5,1,0.20634920634920637,2.0000000000000004
45,19.9,6.2,37.7,0.5,37.3,0.7,74.4,0.4,1.4,2.7,0.5,0.2,0.9,0,0.31155778894472363,10.499999999999998
50,6.2,1.7,31.0,0.0,0.0,0.6,60.4,0.3,0.7,0.3,0.3,0.1,0.4,0,0.27419354838709675,3.0
82,37.4,22.9,45.5,0.2,21.3,4.7,68.4,2.1,2.7,4.8,2.5,1.0,4.2,1,0.6122994652406417,31.8
82,36.0,18.8,46.8,0.6,35.5,2.7,74.7,2.0,6.2,3.6,1.1,0.2,2.6,1,0.5222222222222223,29.400000000000006
80,33.9,14.6,48.5,0.0,0.0,3.7,74.5,2.8,5.1,1.9,0.7,2.1,1.7,1,0.4306784660766962,25.5
80,33.7,15.7,53.8,0.0,0.0,3.5,69.6,1.9,6.2,3.8,0.6,0.8,3.1,1,0.46587537091988124,25.9
71,27.8,5.3,47.5,0.0,0.0,1.2,61.7,1.4,3.2,8.2,1.8,0.6,2.2,1,0.19064748201438847,18.400000000000002
68,25.3,10.4,49.1,0.0,0.0,2.1,75.7,1.7,3.2,1.1,0.7,0.7,1.1,1,0.41106719367588934,16.799999999999997
63,25.2,15.9,53.1,0.0,0.0,3.0,64.9,2.2,2.7,1.7,0.6,0.6,2.4,0,0.6309523809523809,21.300000000000004
78,22.7,9.2,45.4,0.1,22.2,1.8,64.6,1.7,3.0,2.4,1.6,0.4,1.6,1,0.4052863436123348,16.699999999999996
80,19.8,5.9,39.6,0.7,31.9,0.6,77.0,0.5,1.5,0.7,0.9,0.1,0.3,0,0.297979797979798,9.299999999999999
80,21.9,8.5,45.5,0.0,20.0,1.6,72.8,1.9,2.7,1.3,0.6,0.8,1.1,1,0.3881278538812786,14.8
77,20.9,8.8,43.0,0.2,25.0,1.9,74.1,0.9,1.1,2.0,1.2,0.3,1.7,1,0.42105263157894746,12.600000000000001
81,20.8,10.3,43.7,0.2,29.8,1.9,80.1,0.7,1.4,3.6,0.8,0.0,1.5,1,0.4951923076923077,15.3
50,19.6,6.7,39.7,0.0,0.0,1.0,58.1,1.6,3.3,1.1,0.4,0.7,1.7,1,0.34183673469387754,12.100000000000001
80,19.5,5.3,45.4,0.2,27.9,1.2,77.7,0.5,1.8,4.5,0.9,0.1,1.9,1,0.2717948717948718,11.2
75,18.7,7.5,46.7,0.0,33.3,1.3,67.6,2.4,4.7,0.7,0.8,1.1,1.4,1,0.40106951871657753,15.799999999999999
67,18.2,6.9,40.8,0.3,32.9,1.4,83.3,0.5,1.3,3.0,0.6,0.1,1.6,1,0.37912087912087916,10.7
82,17.8,5.3,56.2,0.0,0.0,1.3,61.4,1.3,2.3,0.7,0.5,1.5,0.9,1,0.29775280898876405,10.7
64,17.3,7.9,49.0,0.0,22.2,1.0,66.3,1.1,2.2,1.2,0.3,0.4,0.9,1,0.45664739884393063,12.2
68,15.1,6.6,58.1,0.0,0.0,1.3,72.7,1.5,2.8,0.5,0.5,0.5,1.4,1,0.4370860927152318,10.9
77,15.0,6.5,54.5,0.0,0.0,1.0,58.7,2.1,2.2,0.7,0.5,0.6,1.2,1,0.43333333333333335,11.4
68,14.8,6.6,45.6,0.0,8.3,1.6,74.3,1.1,2.4,1.3,0.3,0.2,1.0,1,0.4459459459459459,10.9
77,14.3,5.2,47.6,0.0,0.0,1.4,63.2,1.1,2.4,0.5,0.3,0.4,1.1,1,0.36363636363636365,8.8
66,14.2,4.4,47.1,0.0,0.0,1.4,69.3,1.1,1.9,0.8,0.6,0.2,0.7,1,0.3098591549295775,8.200000000000001
67,13.6,4.6,42.3,0.1,25.0,0.5,72.9,1.0,1.6,1.8,0.6,0.3,0.9,0,0.338235294117647,9.0
65,13.5,5.4,47.6,0.0,0.0,1.4,68.7,1.2,2.3,0.4,0.3,0.3,1.2,1,0.4,8.600000000000003
65,13.2,5.0,41.3,0.1,35.0,0.8,76.9,0.6,1.0,1.1,0.7,0.3,0.8,0,0.3787878787878788,7.8999999999999995
62,13.2,4.2,52.7,0.0,0.0,0.7,63.9,1.1,2.3,0.4,0.3,0.1,0.9,1,0.31818181818181823,7.6
64,13.1,5.5,45.0,0.1,23.5,1.2,70.1,0.7,1.0,1.3,0.4,0.1,0.9,0,0.41984732824427484,8.1
59,12.9,5.6,54.4,0.0,0.0,0.8,64.9,1.2,1.7,1.0,0.3,0.5,1.0,1,0.4341085271317829,9.3
70,18.2,7.4,65.9,0.0,0.0,1.7,62.6,1.4,3.0,0.9,0.7,0.8,1.1,0,0.40659340659340665,13.100000000000001
62,11.5,5.8,44.1,0.3,32.0,0.8,79.7,0.7,1.0,0.7,0.4,0.1,0.9,1,0.5043478260869565,7.799999999999999
35,11.0,3.8,39.3,0.0,0.0,0.5,35.3,1.0,1.9,0.5,0.2,0.2,1.1,0,0.34545454545454546,6.5
42,11.0,3.3,38.0,0.1,33.3,0.5,75.0,0.3,0.5,1.0,0.6,0.1,0.7,0,0.3,5.099999999999999
59,10.7,5.0,41.1,0.0,4.5,1.1,86.8,0.6,0.6,0.5,0.3,0.1,0.8,1,0.4672897196261683,6.3
45,10.4,4.2,48.6,0.0,0.0,0.2,60.0,0.7,1.0,0.6,0.2,0.2,0.4,0,0.40384615384615385,6.5
67,9.5,4.9,42.6,0.3,28.3,0.4,78.9,0.4,0.7,0.9,0.4,0.1,0.7,1,0.5157894736842106,6.800000000000001
60,8.7,3.8,46.8,0.0,0.0,0.7,69.0,0.6,0.8,0.7,0.3,0.3,0.6,1,0.4367816091954023,6.0
41,8.3,3.1,42.7,0.0,0.0,0.7,75.0,0.6,0.7,1.1,0.3,0.0,0.6,0,0.37349397590361444,5.3
62,8.0,3.7,43.6,0.0,0.0,0.9,74.6,0.6,1.3,0.4,0.1,0.1,0.6,1,0.4625,5.6
43,6.7,3.4,37.8,0.1,20.0,1.0,63.6,0.3,0.7,0.8,0.3,0.1,0.8,0,0.5074626865671642,4.8
53,10.1,2.1,45.5,0.0,0.0,0.6,60.8,0.7,1.5,0.3,0.1,0.6,0.6,0,0.20792079207920794,4.7
54,6.0,2.3,33.8,0.2,31.0,0.3,63.0,0.1,0.5,0.6,0.2,0.0,0.5,0,0.3833333333333333,3.2
50,35.4,20.0,47.4,0.0,0.0,4.5,73.9,2.5,6.5,2.0,1.1,2.1,3.4,0,0.5649717514124294,30.800000000000004
82,33.0,17.1,49.0,0.0,20.0,3.0,68.7,3.7,4.2,2.4,1.2,0.5,3.0,1,0.5181818181818182,26.2
81,30.6,14.9,49.6,0.0,0.0,2.4,48.1,2.1,6.7,2.9,1.3,0.5,3.4,1,0.4869281045751634,25.1
81,28.1,14.7,51.5,0.0,0.0,2.0,68.4,2.4,4.9,1.0,0.4,0.5,2.3,1,0.5231316725978647,21.499999999999996
79,26.4,11.1,49.0,0.0,33.3,2.9,74.6,2.0,5.6,1.0,0.8,2.6,1.8,1,0.42045454545454547,21.3
55,25.3,14.0,46.3,0.1,18.5,3.4,89.6,0.8,1.3,1.9,1.3,0.4,1.4,1,0.5533596837944664,18.3
81,25.0,12.5,46.8,0.1,28.0,1.6,55.7,1.1,1.4,2.0,0.8,0.1,1.9,1,0.5,16.100000000000005
82,23.9,9.4,48.1,0.1,31.3,2.3,79.8,0.7,0.7,4.8,0.8,0.1,1.9,1,0.39330543933054396,14.700000000000001
82,17.3,6.0,42.6,0.0,0.0,1.8,73.0,1.4,2.9,1.1,0.5,0.5,1.1,0,0.3468208092485549,11.3
77,23.0,9.6,51.9,0.0,0.0,2.3,66.2,3.3,5.3,1.7,0.9,0.4,2.3,1,0.41739130434782606,18.899999999999995
82,20.7,8.3,50.7,0.0,0.0,1.9,60.7,2.1,3.6,0.7,0.5,0.8,1.4,1,0.4009661835748793,14.6
58,20.6,7.4,46.6,0.0,22.2,1.3,78.1,2.0,4.1,1.2,0.5,0.6,1.3,0,0.3592233009708738,14.499999999999998
80,20.0,8.5,55.8,0.0,0.0,2.1,67.3,1.2,2.7,1.1,0.9,0.5,1.9,1,0.425,13.0
82,18.8,6.4,53.9,0.0,16.7,1.2,61.1,2.0,2.7,0.7,0.6,0.6,1.2,1,0.3404255319148936,11.7
71,18.6,4.7,45.6,0.0,0.0,1.2,53.1,1.6,2.5,0.6,0.4,0.1,1.2,1,0.25268817204301075,8.700000000000001
64,17.1,7.7,46.9,0.0,0.0,1.4,64.7,1.7,2.6,0.3,0.5,0.1,1.1,1,0.4502923976608187,11.8
79,15.6,7.8,48.3,0.0,18.2,2.7,78.5,0.3,1.2,4.3,1.0,0.1,2.0,1,0.5,12.799999999999999
79,15.4,7.1,47.4,0.2,31.0,1.6,80.6,0.4,1.0,2.5,1.0,0.0,1.3,1,0.461038961038961,10.799999999999999
34,17.1,7.0,42.7,0.6,31.0,1.0,59.6,1.1,2.2,0.5,0.5,0.5,1.2,0,0.4093567251461988,10.600000000000001
71,16.5,4.9,45.7,0.3,31.1,0.6,61.1,0.3,1.6,2.9,0.9,0.1,1.4,0,0.296969696969697,9.3
78,15.0,4.7,47.2,0.0,9.1,1.0,61.9,1.2,1.9,1.1,1.0,0.8,1.2,0,0.31333333333333335,9.500000000000002
76,14.9,5.5,48.1,0.1,27.0,1.0,78.5,0.6,1.2,3.5,0.9,0.0,1.4,0,0.36912751677852346,10.2
80,14.8,5.2,46.5,0.0,0.0,1.2,72.3,1.4,3.3,0.6,0.3,0.4,1.3,1,0.35135135135135137,9.9
68,12.7,5.2,40.9,0.0,17.6,0.7,58.3,0.7,0.9,0.9,0.4,0.1,0.9,0,0.40944881889763785,7.4
64,12.7,4.1,52.8,0.0,0.0,0.6,43.5,1.4,2.4,0.3,0.2,0.3,0.9,0,0.3228346456692913,7.799999999999999
64,12.7,4.1,52.8,0.0,0.0,0.6,43.5,1.4,2.4,0.3,0.2,0.3,0.9,0,0.3228346456692913,7.799999999999999
53,10.8,2.8,60.4,0.0,0.0,0.3,42.5,0.9,1.9,0.3,0.4,0.4,0.4,0,0.25925925925925924,6.3
66,10.5,5.0,48.0,0.0,0.0,0.7,85.2,0.6,0.9,0.8,0.3,0.1,0.9,0,0.47619047619047616,6.799999999999999
77,16.0,4.5,38.4,0.7,32.0,0.4,75.6,0.2,1.4,0.9,0.4,0.2,0.6,0,0.28125,7.000000000000001
45,10.4,3.7,40.8,0.1,20.0,0.3,60.0,0.1,0.9,1.8,0.4,0.1,1.1,0,0.3557692307692308,5.9
45,10.2,3.5,38.3,0.0,11.1,0.4,51.4,0.3,0.4,1.5,0.8,0.1,0.9,0,0.3431372549019608,5.699999999999999
64,10.0,4.3,45.5,0.0,0.0,1.2,72.8,0.2,0.8,1.2,0.4,0.1,0.7,1,0.43,6.3
55,9.2,3.7,44.4,0.0,50.0,1.1,55.8,0.7,0.8,1.6,0.8,0.3,0.9,1,0.4021739130434783,7.0
57,8.5,4.5,44.2,0.0,20.0,0.9,92.6,0.4,0.6,0.9,0.4,0.1,0.6,1,0.5294117647058824,6.300000000000001
36,7.6,3.4,55.7,0.0,0.0,0.7,66.7,0.4,0.7,0.2,0.1,0.2,0.5,0,0.4473684210526316,4.5
57,7.6,3.2,36.4,0.0,25.0,1.1,92.9,0.2,0.6,1.2,0.3,0.1,0.9,1,0.4210526315789474,4.699999999999999
48,6.9,3.2,40.7,0.0,0.0,0.6,79.5,0.8,1.3,0.3,0.1,0.2,0.8,1,0.463768115942029,5.0
75,15.1,2.8,30.8,0.4,26.4,0.4,64.4,0.3,1.1,3.2,0.9,0.1,1.2,0,0.18543046357615894,7.199999999999998
82,38.3,28.2,51.5,0.1,17.3,7.7,84.5,2.0,4.5,5.9,2.4,0.8,3.5,1,0.7362924281984334,40.3
80,31.1,14.1,47.0,0.0,0.0,3.3,76.7,1.9,2.2,3.1,1.2,0.1,2.5,1,0.4533762057877813,20.000000000000004
76,29.2,10.0,53.7,0.0,0.0,2.1,71.1,2.7,5.9,2.8,0.7,2.7,2.3,1,0.3424657534246575,22.5
82,28.6,14.0,54.5,0.0,16.7,3.6,73.3,3.2,5.3,1.9,1.2,1.0,2.5,1,0.4895104895104895,24.2
82,28.3,11.0,47.1,0.1,25.0,2.4,82.0,2.3,5.1,1.6,0.8,0.8,1.2,1,0.38869257950530034,20.400000000000002
80,25.8,8.8,44.6,0.1,20.0,1.8,82.9,0.4,1.7,4.4,1.3,0.1,2.1,1,0.34108527131782945,14.600000000000003
79,24.7,10.6,51.1,0.0,0.0,1.4,78.4,2.0,3.8,0.5,0.5,1.1,1.5,1,0.4291497975708502,16.900000000000002
82,23.4,12.8,60.0,0.0,0.0,2.8,62.0,2.3,4.5,1.4,0.4,0.5,2.3,1,0.5470085470085471,19.599999999999998
82,21.8,9.3,46.7,0.0,22.2,1.5,65.7,2.2,4.2,0.4,0.4,0.6,1.3,1,0.42660550458715596,15.8
75,21.5,7.1,54.3,0.0,0.0,1.3,73.7,1.7,3.5,0.7,0.6,0.4,1.1,1,0.3302325581395349,12.9
79,21.3,9.2,49.8,0.1,36.4,1.6,73.4,1.5,1.9,3.5,1.6,0.3,2.1,1,0.43192488262910794,15.900000000000004
78,20.3,9.3,55.7,0.0,0.0,2.4,71.5,1.9,3.2,1.0,0.2,0.4,1.5,1,0.458128078817734,14.5
78,20.1,8.4,52.0,0.0,0.0,2.3,64.8,1.8,3.3,1.6,0.6,0.8,1.8,1,0.417910447761194,14.7
78,20.1,8.4,52.0,0.0,0.0,2.3,64.8,1.8,3.3,1.6,0.6,0.8,1.8,0,0.417910447761194,14.7
78,20.1,8.4,52.0,0.0,0.0,2.3,64.8,1.8,3.3,1.6,0.6,0.8,1.8,0,0.417910447761194,14.7
29,16.4,3.7,31.7,0.7,31.1,0.4,50.0,0.3,1.1,1.4,0.6,0.2,1.0,1,0.225609756097561,6.3
29,16.4,3.7,31.7,0.7,31.1,0.4,50.0,0.3,1.1,1.4,0.6,0.2,1.0,0,0.225609756097561,6.3
29,16.4,3.7,31.7,0.7,31.1,0.4,50.0,0.3,1.1,1.4,0.6,0.2,1.0,0,0.225609756097561,6.3
72,19.8,5.8,45.4,0.0,0.0,1.1,85.9,1.2,1.8,1.5,0.4,0.1,1.3,1,0.29292929292929293,9.5
82,19.3,6.6,46.0,0.0,0.0,1.4,67.8,1.8,1.7,1.9,0.7,0.1,1.4,1,0.34196891191709844,11.399999999999999
62,19.3,8.0,52.8,0.0,33.3,1.6,78.9,1.3,2.5,1.3,0.5,1.3,1.7,1,0.41450777202072536,13.100000000000001
78,18.7,7.1,45.3,0.3,35.1,1.3,75.4,0.5,1.4,3.1,1.0,0.1,1.4,1,0.37967914438502676,11.799999999999999
75,18.7,6.8,47.0,0.0,0.0,1.2,47.4,1.4,3.0,0.5,0.5,0.5,1.9,1,0.36363636363636365,10.799999999999999
82,18.2,5.6,47.1,0.0,18.2,1.7,73.6,0.3,1.0,5.1,1.3,0.1,1.8,1,0.3076923076923077,11.6
74,17.3,7.1,45.9,0.1,16.0,1.4,81.0,0.5,1.0,1.7,0.6,0.2,1.1,0,0.4104046242774566,9.999999999999998
74,17.0,4.4,46.0,0.0,18.8,0.7,71.1,0.5,1.3,2.9,1.0,0.2,1.3,0,0.25882352941176473,8.999999999999998
54,17.0,5.5,49.8,0.0,0.0,1.2,54.1,1.6,3.3,0.3,0.4,0.3,1.2,1,0.3235294117647059,10.200000000000003
74,15.1,5.1,47.8,0.0,0.0,0.7,73.3,1.2,2.5,0.5,0.2,0.2,1.0,0,0.33774834437086093,8.599999999999998
36,14.4,5.8,43.1,0.0,50.0,1.1,82.0,1.1,1.4,0.9,0.3,0.2,0.9,1,0.40277777777777773,8.7
78,14.3,4.9,49.2,0.0,0.0,1.1,66.9,1.0,2.4,1.3,0.4,0.2,1.3,1,0.34265734265734266,8.799999999999999
67,13.3,3.7,58.9,0.0,0.0,0.5,39.8,1.0,2.6,0.8,0.5,0.8,0.9,0,0.2781954887218045,8.500000000000002
59,12.8,5.1,41.6,0.0,0.0,1.2,70.6,0.8,1.3,1.4,0.3,0.2,1.3,0,0.39843749999999994,7.8
77,12.4,6.1,47.8,0.0,0.0,1.5,64.6,1.2,1.4,0.8,0.6,0.4,0.9,1,0.4919354838709677,9.700000000000001
53,12.3,1.5,32.6,0.0,0.0,0.4,56.4,1.0,2.1,0.4,0.2,0.8,0.8,0,0.12195121951219512,5.2
60,11.9,3.2,48.6,0.0,0.0,0.8,75.8,0.7,1.7,0.5,0.2,0.5,1.2,1,0.2689075630252101,5.7
56,11.2,5.6,49.6,0.0,0.0,1.0,80.0,0.7,0.9,0.4,0.5,0.1,1.2,1,0.5,6.999999999999999
63,10.8,4.1,38.3,0.0,22.2,0.6,75.5,0.4,0.6,1.4,0.5,0.1,1.1,0,0.3796296296296296,6.0
66,10.6,3.8,39.7,0.0,25.0,1.0,70.7,0.8,1.2,0.4,0.2,0.2,0.8,0,0.3584905660377358,5.800000000000001
51,10.5,3.8,44.0,0.0,0.0,0.5,75.0,0.8,0.8,0.7,0.2,0.2,0.6,0,0.3619047619047619,5.900000000000001
60,9.2,3.4,36.7,0.0,0.0,0.5,50.9,0.7,0.9,0.4,0.4,0.1,0.7,0,0.3695652173913044,5.2
59,9.1,3.3,37.3,0.0,0.0,0.7,76.5,0.6,0.7,0.9,0.5,0.2,0.6,1,0.3626373626373626,5.6000000000000005
51,9.0,4.5,48.2,0.0,0.0,0.8,64.2,0.6,0.8,0.3,0.2,0.3,0.7,0,0.5,6.0
47,8.9,4.2,38.3,0.0,0.0,1.1,68.8,0.2,0.4,0.4,0.5,0.1,0.7,0,0.47191011235955055,5.1
38,7.1,3.2,37.3,0.1,13.3,0.5,69.2,0.1,0.4,1.2,0.2,0.0,0.7,1,0.45070422535211274,4.4
43,7.1,2.1,41.5,0.0,0.0,0.3,52.0,0.6,0.8,0.6,0.2,0.1,0.4,0,0.295774647887324,3.9999999999999996
39,6.9,1.3,41.2,0.0,0.0,0.3,50.0,0.5,1.5,0.3,0.2,0.3,0.4,0,0.18840579710144928,3.6
39,6.0,3.3,41.9,0.1,36.4,0.5,67.7,0.4,0.5,0.7,0.1,0.1,0.8,0,0.5499999999999999,4.3
38,4.7,1.8,38.8,0.0,0.0,0.4,88.2,0.2,0.3,0.7,0.1,0.0,0.5,1,0.3829787234042553,2.6999999999999997
82,32.8,21.0,52.3,0.0,25.0,3.5,66.1,3.6,7.6,2.0,0.8,2.4,3.6,1,0.6402439024390244,33.699999999999996
81,30.0,12.0,48.0,0.0,18.8,2.3,75.3,1.4,5.5,2.1,0.9,0.8,2.0,1,0.4,20.7
80,27.0,8.4,46.9,0.0,0.0,1.8,73.0,0.8,1.7,8.3,1.5,0.2,3.4,1,0.3111111111111111,17.500000000000004
79,26.3,10.8,49.9,0.0,25.0,2.3,73.1,2.2,3.5,2.2,0.7,0.7,1.5,1,0.41064638783269963,18.599999999999998
52,12.8,4.2,35.6,0.3,24.5,0.8,63.8,0.9,2.0,0.3,0.4,0.1,0.9,1,0.328125,7.1
82,25.9,12.4,44.8,0.1,24.1,2.6,74.2,1.7,2.3,2.3,1.3,0.1,1.7,1,0.4787644787644788,18.400000000000002
81,24.8,8.5,51.2,0.0,0.0,1.1,75.2,1.4,4.3,1.6,0.5,1.5,1.3,1,0.34274193548387094,16.499999999999996
81,24.4,12.1,44.4,0.3,32.4,1.8,82.6,0.7,1.2,1.9,0.3,0.2,1.4,1,0.4959016393442623,14.999999999999998
81,23.9,9.3,46.2,0.0,16.7,3.1,78.5,0.9,1.8,3.9,1.6,0.4,2.1,1,0.38912133891213396,15.799999999999999
80,23.2,5.5,49.6,0.0,0.0,0.9,59.0,2.2,4.1,0.9,0.4,1.8,1.4,1,0.23706896551724138,13.4
74,22.1,10.6,48.4,0.1,23.5,1.5,80.6,0.7,1.5,2.4,1.1,0.3,1.6,1,0.4796380090497737,15.000000000000002
82,21.1,9.0,46.7,0.1,23.1,1.4,77.2,1.5,2.3,1.5,0.8,0.5,0.9,0,0.42654028436018954,14.700000000000001
82,20.9,5.7,44.3,0.0,11.5,0.8,67.3,0.6,1.5,2.9,1.2,0.3,1.4,1,0.27272727272727276,10.8
79,19.4,7.3,53.6,0.0,25.0,1.8,83.7,1.3,2.6,1.2,0.7,0.5,1.3,1,0.37628865979381443,12.199999999999998
80,17.8,8.3,44.8,0.3,26.2,1.5,78.7,0.5,1.0,2.2,0.7,0.1,1.4,0,0.4662921348314607,11.399999999999999
31,12.6,3.1,45.8,0.0,0.0,0.7,65.6,1.2,2.9,0.2,0.2,0.7,0.6,0,0.24603174603174605,7.699999999999999
73,17.6,6.9,44.5,0.1,24.3,0.9,88.9,0.3,0.9,3.3,0.4,0.0,1.1,1,0.39204545454545453,10.7
82,17.2,7.7,45.1,0.0,25.0,1.5,72.8,1.4,1.5,1.9,1.3,0.3,1.5,1,0.4476744186046512,12.600000000000001
72,16.9,6.3,46.4,0.0,9.1,1.1,72.7,0.8,1.3,1.8,0.8,0.1,1.0,0,0.3727810650887574,10.100000000000001
82,16.1,7.9,41.7,0.0,26.7,2.5,79.1,0.9,1.1,3.5,1.6,0.2,2.4,1,0.4906832298136646,12.799999999999999
78,15.9,4.2,41.3,0.0,11.1,1.4,77.7,0.4,1.2,3.4,1.2,0.1,1.4,0,0.2641509433962264,9.1
67,15.8,8.2,45.6,0.2,41.4,1.3,71.9,1.6,2.1,0.8,0.6,0.1,1.2,1,0.5189873417721518,12.2
75,15.7,6.1,44.1,0.0,0.0,1.3,71.4,1.2,1.3,2.3,0.5,0.2,1.3,1,0.3885350318471337,10.299999999999997
78,13.7,4.5,50.3,0.0,40.0,0.4,60.9,0.2,0.7,0.9,0.2,0.0,0.4,1,0.3284671532846716,6.1000000000000005
49,13.6,5.2,43.9,0.0,0.0,1.1,71.4,1.2,2.4,0.5,0.4,0.3,1.2,1,0.3823529411764706,8.800000000000002
78,13.3,3.6,51.7,0.0,0.0,0.4,60.8,0.8,2.1,0.8,0.3,1.1,0.8,1,0.2706766917293233,7.8999999999999995
38,12.5,5.3,41.6,0.8,37.5,0.6,67.6,0.2,1.1,0.7,0.4,0.1,0.9,0,0.424,6.8999999999999995
55,12.5,6.2,45.9,0.1,26.3,0.9,77.0,0.7,0.9,1.3,0.3,0.1,0.8,0,0.496,8.700000000000001
40,11.7,6.5,50.9,0.0,0.0,1.0,85.1,0.5,0.6,1.2,0.5,0.0,0.8,0,0.5555555555555556,8.6
47,11.1,2.7,38.8,0.0,0.0,0.7,70.0,1.0,1.5,0.9,0.2,0.4,0.7,0,0.24324324324324326,5.9
45,10.3,3.3,41.9,0.0,12.5,0.5,82.1,0.4,0.5,0.9,0.3,0.0,0.7,1,0.3203883495145631,4.7
49,9.3,2.9,44.5,0.1,18.2,0.3,61.5,0.1,0.6,3.0,0.2,0.0,0.7,1,0.31182795698924726,6.1
48,9.3,4.5,49.7,0.0,0.0,1.2,61.5,0.4,0.8,0.8,0.5,0.4,1.0,0,0.48387096774193544,6.4
39,8.5,3.1,54.4,0.0,0.0,0.5,53.8,1.0,1.9,0.5,0.5,0.3,0.5,0,0.3647058823529412,6.8
57,8.3,2.9,38.4,0.0,0.0,0.6,69.6,0.8,1.1,0.3,0.2,0.7,0.6,1,0.34939759036144574,5.4
57,8.2,2.1,39.7,0.1,23.1,0.3,78.3,0.4,0.6,0.8,0.4,0.0,0.4,1,0.25609756097560976,3.900000000000001
33,16.9,4.1,37.3,0.3,29.0,0.8,62.5,0.4,1.9,2.4,1.0,0.3,1.2,0,0.24260355029585798,8.8
53,12.4,3.4,37.9,0.6,36.0,0.3,93.8,0.7,1.8,0.4,0.3,0.0,0.2,0,0.27419354838709675,6.4
15,7.9,1.9,27.0,0.0,0.0,0.5,66.7,0.5,1.1,0.5,0.1,0.1,1.0,0,0.24050632911392403,3.0999999999999996
45,7.9,3.7,57.1,0.0,0.0,0.8,41.8,0.8,1.0,0.5,0.3,0.2,0.4,0,0.46835443037974683,6.1
55,7.6,2.7,44.8,0.0,0.0,0.3,64.3,0.2,0.6,0.8,0.3,0.1,0.6,1,0.3552631578947369,4.2
35,5.6,1.9,45.5,0.0,0.0,0.1,31.3,0.8,1.0,0.2,0.0,0.1,0.6,1,0.3392857142857143,3.4
70,36.2,23.7,52.3,0.0,0.0,4.2,70.9,4.3,6.3,2.5,1.8,0.9,2.9,1,0.654696132596685,36.599999999999994
81,34.1,20.1,47.9,0.0,22.2,3.2,74.1,4.2,6.4,2.8,1.7,0.5,2.7,1,0.5894428152492669,33.0
76,27.4,15.1,46.6,0.1,20.0,2.7,73.0,1.1,2.3,3.7,0.9,0.1,2.7,1,0.551094890510949,20.5
82,26.8,10.3,44.8,0.2,31.7,2.5,79.2,1.9,2.5,2.1,0.8,0.8,1.6,1,0.3843283582089552,16.900000000000002
76,26.6,9.9,45.2,0.3,22.2,1.2,72.3,0.7,0.9,3.6,1.1,0.1,2.1,1,0.37218045112781956,14.200000000000001
58,11.8,3.3,53.5,0.0,0.0,0.9,71.2,0.8,1.7,0.4,0.3,0.9,0.3,0,0.2796610169491525,7.200000000000001
77,25.6,13.4,57.9,0.0,25.0,1.8,62.4,2.0,3.1,1.7,1.2,0.8,2.3,1,0.5234375,20.0
78,23.5,8.4,46.2,0.2,46.7,0.6,67.2,1.0,1.8,2.5,0.7,0.1,0.9,1,0.3574468085106383,13.599999999999998
73,23.4,10.4,42.8,0.1,34.5,1.2,69.6,1.0,1.6,2.1,0.7,0.3,1.9,1,0.4444444444444445,14.299999999999999
80,20.2,5.1,46.2,0.0,0.0,1.0,69.0,1.5,2.7,1.0,0.4,0.6,1.7,1,0.2524752475247525,9.5
82,20.0,4.4,59.5,0.0,0.0,0.9,61.4,2.1,3.8,0.8,0.8,0.1,0.6,1,0.22000000000000003,11.400000000000002
74,19.5,7.0,40.8,0.0,13.3,1.8,75.3,0.5,1.3,4.9,1.2,0.2,2.5,0,0.358974358974359,12.6
82,19.4,9.3,48.7,0.0,12.5,2.4,81.0,0.4,1.1,2.6,0.6,0.0,1.9,0,0.47938144329896915,12.1
79,19.3,6.7,45.7,0.0,11.1,1.3,59.7,1.1,2.5,2.6,1.3,0.6,2.0,1,0.3471502590673575,12.8
51,11.3,2.8,42.2,0.0,20.0,0.7,64.2,0.7,1.4,0.5,0.5,0.2,0.7,0,0.247787610619469,5.4
75,18.9,4.9,47.9,0.0,0.0,1.1,69.9,0.9,2.0,3.4,1.6,0.1,1.3,1,0.2592592592592593,11.6
81,18.9,4.3,41.4,0.0,0.0,0.7,65.6,1.1,4.6,1.4,0.3,3.4,1.7,1,0.22751322751322753,13.400000000000002
75,18.8,6.3,53.3,0.0,0.0,1.7,74.1,1.9,3.5,1.4,0.6,0.9,1.1,0,0.33510638297872336,13.5
44,17.6,3.6,40.0,0.0,0.0,0.7,65.2,0.6,1.2,2.5,0.9,0.3,1.4,0,0.20454545454545453,7.700000000000001
77,19.6,6.1,43.1,0.7,34.4,1.0,72.8,0.7,1.3,0.8,0.6,0.2,0.6,0,0.3112244897959183,9.0
43,16.9,4.0,38.0,0.0,0.0,1.0,73.7,0.3,1.3,2.9,0.5,0.2,1.6,0,0.2366863905325444,7.6
76,16.4,8.1,42.9,0.1,40.0,2.0,83.3,0.7,1.1,1.8,0.8,0.2,1.4,1,0.49390243902439024,11.3
78,16.3,5.2,40.4,0.1,36.8,0.6,69.6,1.4,2.1,1.5,0.7,0.3,1.2,1,0.31901840490797545,10.0
77,15.9,6.2,47.6,0.0,25.0,0.8,73.5,1.2,2.1,0.8,0.3,0.3,1.1,0,0.389937106918239,9.800000000000002
68,14.6,5.7,43.2,0.0,0.0,0.9,76.2,0.3,1.2,2.5,0.8,0.1,1.7,1,0.3904109589041096,8.8
52,10.3,3.7,45.5,0.1,13.9,0.7,67.3,0.5,1.2,0.4,0.4,0.2,0.8,0,0.3592233009708738,5.600000000000001
62,14.2,5.6,48.5,0.0,0.0,1.4,57.1,1.7,2.1,0.8,0.4,0.6,1.2,1,0.39436619718309857,9.900000000000002
71,13.9,5.4,51.2,0.0,0.0,1.3,65.0,1.9,3.4,0.5,0.6,0.9,1.4,1,0.38848920863309355,11.299999999999999
53,13.2,4.9,53.4,0.0,0.0,0.8,77.4,1.3,2.1,0.9,0.4,0.2,0.8,0,0.37121212121212127,9.0
44,11.8,2.8,31.4,0.0,0.0,0.8,78.3,0.9,1.8,0.8,0.3,0.2,0.7,0,0.23728813559322032,6.1
68,11.1,2.7,36.4,0.0,11.1,0.7,81.0,0.3,0.8,1.9,0.2,0.0,1.4,0,0.24324324324324326,4.5
68,11.1,2.7,36.4,0.0,11.1,0.7,81.0,0.3,0.8,1.9,0.2,0.0,1.4,1,0.24324324324324326,4.5
49,10.6,4.0,43.5,0.0,14.3,0.9,57.7,0.6,0.9,0.7,0.4,0.1,1.0,1,0.37735849056603776,5.7
54,10.3,3.3,44.5,0.0,0.0,0.1,47.1,0.8,1.4,0.5,0.3,0.2,0.5,0,0.3203883495145631,6.0
52,10.1,3.2,42.0,0.0,0.0,0.3,57.1,0.8,1.7,0.3,0.1,0.6,0.4,0,0.31683168316831684,6.299999999999999
62,9.8,4.0,47.7,0.0,14.3,1.2,76.0,0.4,0.8,1.1,0.4,0.1,0.9,1,0.4081632653061224,5.9
65,9.6,5.0,54.3,0.0,0.0,1.1,64.2,0.7,0.9,0.5,0.3,0.0,0.8,1,0.5208333333333334,6.6
40,10.0,1.9,48.5,0.1,15.4,0.2,70.0,0.9,1.5,0.4,0.5,0.3,0.5,0,0.19,5.0
55,9.4,4.5,44.9,0.2,36.0,0.5,73.7,0.5,0.6,0.6,0.3,0.1,0.6,0,0.4787234042553191,6.1
48,8.7,3.2,40.6,0.0,0.0,0.8,67.8,0.6,1.0,0.6,0.3,0.2,1.0,0,0.36781609195402304,4.9
23,8.3,1.3,36.7,0.0,0.0,0.4,45.0,0.7,1.3,0.5,0.1,0.3,0.7,0,0.1566265060240964,3.5
63,8.2,3.6,37.4,0.1,22.0,0.6,64.4,0.5,0.5,0.8,0.6,0.1,0.7,0,0.4390243902439025,5.499999999999999
44,7.9,3.3,41.5,0.0,0.0,0.8,66.0,0.3,0.5,0.8,0.5,0.1,0.9,0,0.4177215189873417,4.699999999999999
54,6.8,1.5,40.4,0.0,0.0,0.1,31.3,0.8,1.1,0.2,0.1,0.3,0.4,1,0.22058823529411764,3.6
39,6.8,2.2,37.5,0.0,14.3,0.5,56.3,0.4,0.5,0.4,0.2,0.1,0.5,1,0.3235294117647059,3.3000000000000003
36,5.1,2.2,45.3,0.0,0.0,0.6,44.4,0.9,1.2,0.2,0.1,0.1,1.0,1,0.4313725490196079,3.7
31,4.5,1.2,34.2,0.0,0.0,0.4,55.0,0.5,0.8,0.1,0.2,0.0,0.3,1,0.26666666666666666,2.5000000000000004
35,4.2,2.9,36.1,0.0,9.1,0.9,66.7,0.2,0.3,0.6,0.1,0.1,0.4,0,0.6904761904761905,3.7999999999999994
82,37.5,21.6,49.6,0.1,22.7,6.0,79.7,2.7,2.7,3.3,1.1,0.2,3.4,1,0.5760000000000001,28.200000000000003
82,34.5,15.5,58.2,0.0,0.0,3.0,62.4,4.2,8.0,1.3,1.0,1.0,2.9,1,0.4492753623188406,28.200000000000003
72,33.8,17.0,42.4,0.2,28.8,4.2,70.4,0.8,2.1,7.8,2.1,0.2,4.2,1,0.5029585798816568,25.8
81,33.1,17.2,52.5,0.0,0.0,3.5,62.0,2.6,4.3,1.8,0.7,0.6,2.7,1,0.5196374622356495,24.500000000000004
81,32.4,21.4,49.7,0.0,25.0,3.6,71.6,2.2,4.7,2.2,1.1,0.3,2.4,1,0.6604938271604938,29.6
51,28.8,18.7,46.5,0.5,35.2,3.3,68.0,1.7,3.1,3.2,0.7,0.4,2.6,1,0.6493055555555555,25.299999999999997
82,27.8,11.5,47.7,0.0,28.6,1.5,67.0,2.1,5.2,1.7,0.7,2.2,1.7,1,0.4136690647482014,21.799999999999997
82,27.0,14.4,56.1,0.0,33.3,4.2,75.2,3.1,6.2,1.6,0.5,0.7,2.9,1,0.5333333333333333,23.600000000000005
79,25.7,10.7,41.4,0.2,21.5,1.9,75.0,0.4,1.4,4.8,1.0,0.1,2.0,1,0.41634241245136183,16.5
80,25.0,8.3,44.1,0.0,0.0,1.2,70.3,1.8,2.0,2.4,0.9,0.0,1.4,1,0.332,14.000000000000002
78,22.3,12.8,61.3,0.0,0.0,2.7,64.2,1.9,3.9,1.2,0.5,1.1,2.5,1,0.5739910313901345,19.000000000000004
76,22.3,12.1,48.2,0.0,23.1,1.8,77.8,1.4,2.7,1.9,0.8,0.5,2.4,1,0.5426008968609866,17.0
80,21.3,9.6,47.7,0.0,0.0,1.8,68.4,2.0,3.2,1.8,0.7,0.2,1.3,1,0.45070422535211263,16.099999999999998
74,20.5,9.3,45.9,0.0,9.1,1.3,66.4,1.7,2.6,1.5,0.7,0.2,1.3,1,0.45365853658536587,14.8
74,20.5,9.3,45.9,0.0,9.1,1.3,66.4,1.7,2.6,1.5,0.7,0.2,1.3,1,0.45365853658536587,14.8
82,19.8,7.9,48.1,0.0,0.0,1.7,75.7,1.6,3.6,1.8,0.6,0.9,1.8,1,0.398989898989899,14.600000000000001
79,19.2,7.0,43.4,0.0,0.0,1.7,77.5,1.4,1.9,0.6,0.5,0.3,1.4,0,0.36458333333333337,10.3
59,18.2,6.1,55.6,0.0,0.0,0.8,55.1,1.5,3.7,0.6,0.8,1.3,1.1,0,0.33516483516483514,12.900000000000002
64,17.7,4.6,51.8,0.0,0.0,0.9,50.4,1.8,3.6,0.9,0.9,1.2,1.2,1,0.2598870056497175,11.8
63,17.2,5.3,46.1,0.0,0.0,1.0,58.3,1.5,3.2,1.0,0.3,1.3,0.9,1,0.3081395348837209,11.700000000000001
71,17.0,4.9,50.3,0.0,0.0,0.7,70.8,1.5,2.1,0.7,0.6,0.3,0.8,1,0.2882352941176471,9.299999999999999
82,16.9,6.4,41.3,0.0,0.0,1.9,76.0,0.6,1.2,3.3,1.1,0.0,1.6,1,0.37869822485207105,11.0
63,16.3,6.3,45.3,0.1,28.1,1.0,72.6,1.0,0.9,2.5,0.8,0.2,1.3,0,0.38650306748466257,10.399999999999999
64,16.1,7.0,46.5,0.3,30.5,1.0,65.7,0.4,1.0,2.3,0.8,0.1,1.4,0,0.43478260869565216,10.2
71,16.0,6.9,46.4,0.0,0.0,1.1,72.0,1.0,1.8,1.2,0.5,0.4,1.0,0,0.43125,10.700000000000001
75,15.8,7.3,51.3,0.0,0.0,1.9,69.9,1.1,1.9,1.1,0.3,0.3,1.4,1,0.46202531645569617,10.600000000000001
80,14.8,4.5,51.9,0.0,0.0,0.8,52.0,1.4,3.5,1.1,0.2,1.5,1.6,1,0.30405405405405406,10.5
80,14.8,6.6,52.1,0.0,0.0,0.9,64.1,1.2,2.0,1.0,0.5,0.9,1.3,1,0.4459459459459459,10.9
77,14.0,4.9,54.6,0.0,0.0,1.2,60.1,0.9,1.6,0.7,0.4,0.3,0.9,1,0.35000000000000003,8.0
49,13.0,3.9,43.5,0.0,0.0,0.8,59.4,0.8,0.9,0.8,0.4,0.0,0.5,0,0.3,6.2
24,9.3,2.3,31.6,0.3,28.0,0.5,73.3,0.1,0.5,1.4,0.4,0.0,0.8,0,0.24731182795698922,3.9000000000000004
72,11.9,2.9,50.9,0.0,0.0,0.5,45.9,1.0,1.5,0.6,0.3,0.7,0.7,0,0.24369747899159663,6.3
54,11.4,4.6,51.0,0.0,0.0,0.9,82.0,0.4,0.7,0.5,0.3,0.0,0.8,1,0.40350877192982454,5.8
49,11.1,4.6,45.9,0.1,22.2,0.4,64.3,0.3,0.6,1.4,0.5,0.0,1.1,0,0.4144144144144144,6.199999999999999
46,10.7,2.9,58.3,0.0,50.0,0.7,82.5,0.6,0.7,0.8,0.4,0.1,0.8,0,0.2710280373831776,4.7
54,10.6,3.8,47.8,0.0,0.0,0.6,81.1,1.0,1.5,0.6,0.2,0.2,0.8,0,0.3584905660377358,6.5
53,10.6,4.1,35.7,0.1,29.4,1.1,86.2,0.5,0.6,1.6,0.7,0.1,1.0,1,0.38679245283018865,6.599999999999999
39,9.0,4.9,46.5,0.0,0.0,0.8,58.5,0.9,0.4,0.4,0.5,0.1,0.9,1,0.5444444444444445,6.3
43,8.6,3.4,54.0,0.0,66.7,0.8,50.7,0.3,0.4,1.3,0.4,0.1,1.0,0,0.3953488372093023,4.8999999999999995
39,8.5,3.5,52.4,0.0,0.0,0.7,60.4,0.8,0.9,0.3,0.3,0.1,0.7,0,0.4117647058823529,5.199999999999999
43,9.2,2.7,35.5,0.5,30.1,0.2,77.8,0.3,1.0,0.3,0.2,0.0,0.3,0,0.29347826086956524,4.2
42,8.1,3.4,45.8,0.0,0.0,0.8,65.4,0.5,1.0,0.2,0.2,0.1,0.4,0,0.4197530864197531,5.0
42,6.9,3.6,43.3,0.0,0.0,0.5,74.1,0.2,0.4,1.1,0.4,0.1,0.6,1,0.5217391304347826,5.200000000000001
49,6.9,3.1,44.4,0.0,0.0,0.6,73.2,0.4,1.0,0.1,0.1,0.0,0.4,0,0.4492753623188406,4.399999999999999
51,6.6,3.0,45.1,0.0,0.0,0.8,67.7,0.2,0.5,0.4,0.3,0.1,0.7,0,0.4545454545454546,3.8
36,6.6,1.9,32.2,0.0,0.0,0.3,64.7,0.5,0.3,0.4,0.3,0.1,0.6,1,0.2878787878787879,2.9
82,35.6,18.9,49.1,0.0,0.0,3.8,71.6,3.3,5.9,1.4,0.6,1.5,3.0,1,0.5308988764044943,28.7
81,35.4,20.6,46.4,0.1,19.2,2.8,71.6,1.0,2.6,2.4,1.3,0.5,2.9,1,0.5819209039548023,25.500000000000004
82,31.4,9.6,51.2,0.0,0.0,2.2,58.8,5.3,6.8,1.1,0.8,0.8,1.8,1,0.3057324840764331,22.6
79,31.3,11.0,48.6,0.1,27.8,1.7,63.7,2.3,3.8,3.2,1.1,0.3,1.9,1,0.3514376996805112,19.800000000000004
80,30.4,15.2,45.2,0.0,9.7,2.1,74.9,0.5,1.9,6.9,1.1,0.1,2.9,1,0.5,22.800000000000004
33,16.4,5.3,37.1,0.2,17.4,1.1,86.0,0.2,1.5,2.8,0.4,0.0,1.5,0,0.3231707317073171,8.6
37,8.6,2.1,36.3,0.1,19.0,0.2,66.7,0.6,1.0,0.3,0.2,0.0,0.4,0,0.24418604651162792,3.6999999999999997
81,30.4,9.8,50.3,0.0,0.0,1.4,76.5,3.3,5.3,2.7,0.7,1.0,1.6,1,0.32236842105263164,21.199999999999996
82,30.2,14.7,47.9,0.0,0.0,2.8,70.6,2.6,2.8,2.5,1.2,0.4,2.0,1,0.4867549668874172,22.2
56,28.2,13.2,42.3,0.0,0.0,2.8,76.7,2.4,5.0,1.3,1.0,1.8,2.3,1,0.46808510638297873,22.5
81,24.4,11.2,46.8,0.1,24.0,1.6,73.3,1.2,1.7,3.7,1.7,0.4,2.2,1,0.45901639344262296,17.7
75,23.6,12.9,49.5,0.1,31.0,2.1,71.2,0.4,1.5,3.6,0.8,0.1,2.9,1,0.5466101694915254,16.400000000000006
68,23.5,8.4,46.0,0.0,0.0,1.9,69.9,1.8,5.0,1.5,0.5,0.3,1.8,0,0.3574468085106383,15.600000000000001
70,23.4,6.1,45.3,0.0,33.3,0.7,80.6,1.2,2.6,1.9,0.7,0.1,1.3,0,0.2606837606837607,11.299999999999997
81,22.8,11.5,44.4,0.0,0.0,2.6,77.6,1.6,1.7,2.3,1.3,0.3,2.1,1,0.5043859649122807,16.6
82,21.8,10.5,49.1,0.0,0.0,2.0,80.7,2.1,2.3,1.6,0.7,0.3,1.5,1,0.481651376146789,16.0
79,21.7,10.2,49.9,0.0,0.0,1.6,66.3,1.7,2.9,1.0,0.6,0.6,1.6,0,0.4700460829493087,15.300000000000002
76,20.8,6.6,40.7,0.1,23.5,1.4,79.7,0.3,1.3,3.3,1.2,0.1,2.2,1,0.3173076923076923,10.599999999999998
76,20.8,6.6,40.7,0.1,23.5,1.4,79.7,0.3,1.3,3.3,1.2,0.1,2.2,0,0.3173076923076923,10.599999999999998
82,20.1,10.0,53.3,0.0,0.0,1.3,67.9,1.9,2.5,0.7,0.3,1.8,1.3,1,0.49751243781094523,15.899999999999999
71,19.8,7.0,44.4,0.1,14.8,1.0,75.0,0.6,1.8,3.2,0.9,0.2,1.5,0,0.35353535353535354,12.200000000000001
81,19.7,7.9,46.0,0.0,0.0,2.2,72.9,1.4,2.2,1.4,0.6,0.3,1.8,0,0.401015228426396,12.0
82,19.2,7.4,47.9,0.0,5.3,1.3,61.0,0.7,1.7,4.5,1.5,0.3,1.9,1,0.3854166666666667,14.200000000000001
56,18.9,4.7,45.0,0.0,0.0,0.5,67.5,1.1,3.8,0.7,0.6,0.8,1.1,1,0.24867724867724872,10.600000000000001
82,17.9,8.1,51.1,0.1,23.5,1.3,89.9,0.5,1.1,2.0,0.9,0.1,1.2,1,0.45251396648044695,11.5
74,17.0,5.4,47.8,0.0,20.0,1.6,79.3,0.9,1.2,1.5,0.8,0.3,1.1,1,0.31764705882352945,9.000000000000002
28,8.1,1.7,42.5,0.3,30.4,0.2,85.7,0.3,1.1,0.4,0.2,0.1,0.5,0,0.20987654320987656,3.4000000000000004
60,15.8,8.7,52.9,0.0,0.0,2.4,67.0,1.5,2.9,0.7,0.6,1.4,1.7,1,0.550632911392405,14.1
64,14.8,3.7,49.5,0.0,0.0,0.7,75.0,0.3,1.5,1.8,0.9,0.1,1.4,0,0.25,6.899999999999999
68,14.4,5.3,54.2,0.0,0.0,1.5,59.4,1.6,3.0,0.6,0.1,1.1,1.0,1,0.3680555555555555,10.6
65,11.6,3.9,45.2,0.2,32.6,0.8,72.9,0.5,1.4,0.7,0.3,0.7,0.9,1,0.33620689655172414,6.7
53,13.7,4.1,41.2,0.0,33.3,0.8,68.3,0.2,0.9,2.6,0.5,0.1,1.0,1,0.2992700729927007,7.399999999999999
52,13.4,4.8,50.7,0.0,0.0,0.5,67.5,1.3,2.8,0.5,0.4,0.8,0.7,1,0.3582089552238806,9.9
45,12.9,4.0,51.2,0.0,0.0,0.4,76.2,1.2,2.5,0.5,0.2,0.3,0.7,1,0.31007751937984496,7.999999999999999
54,12.4,5.6,46.2,0.1,30.0,1.3,73.7,0.6,0.6,1.0,0.4,0.0,0.9,1,0.4516129032258064,7.299999999999999
81,11.7,4.7,44.2,0.0,20.0,0.6,76.6,0.4,0.8,0.9,0.4,0.1,0.7,1,0.4017094017094017,6.6000000000000005
40,11.5,1.8,32.7,0.0,0.0,0.1,55.6,0.2,0.7,1.4,0.5,0.1,0.9,0,0.1565217391304348,3.7999999999999994
48,11.3,4.1,46.2,0.0,0.0,0.6,69.0,0.8,1.3,0.6,0.5,0.3,0.7,0,0.3628318584070796,6.799999999999999
37,7.8,3.9,46.0,0.1,27.3,0.7,65.0,0.6,0.8,0.2,0.2,0.0,0.4,0,0.5,5.3
44,11.0,4.9,41.8,0.0,16.7,0.6,66.7,1.1,1.9,0.2,0.3,0.1,0.7,0,0.4454545454545455,7.8
55,10.7,4.3,45.7,0.0,0.0,0.6,60.3,1.1,1.4,0.5,0.3,0.1,1.1,0,0.40186915887850466,6.6
52,10.2,4.2,45.4,0.0,0.0,0.6,51.6,1.0,2.0,0.5,0.4,0.4,0.6,1,0.411764705882353,7.9
59,10.1,3.2,45.4,0.0,0.0,0.4,56.4,0.5,0.6,1.2,0.6,0.1,1.3,0,0.31683168316831684,4.8
47,9.6,2.0,35.8,0.0,0.0,0.5,78.1,0.2,0.7,1.5,0.5,0.0,0.6,1,0.20833333333333334,4.300000000000001
60,8.9,2.8,33.0,0.0,0.0,0.9,73.9,0.5,0.7,1.3,0.4,0.0,0.6,0,0.3146067415730337,5.1000000000000005
55,8.4,2.7,41.2,0.0,0.0,0.7,43.5,0.5,1.2,0.3,0.4,0.4,0.6,0,0.32142857142857145,4.900000000000001
44,5.3,2.6,34.8,0.0,50.0,0.4,45.9,0.6,0.7,0.3,0.2,0.0,0.6,0,0.4905660377358491,3.8000000000000003
51,7.3,2.7,43.4,0.1,41.7,0.5,59.0,0.3,0.6,1.0,0.4,0.0,0.7,0,0.36986301369863017,4.3
31,6.4,2.3,35.5,0.3,29.0,0.6,75.0,0.4,0.8,0.3,0.1,0.1,0.2,0,0.35937499999999994,3.8
82,38.6,19.0,42.9,2.3,36.8,3.3,84.4,0.5,2.6,6.5,0.9,0.2,3.0,1,0.49222797927461137,26.7
56,31.2,13.9,41.0,1.6,38.6,2.2,78.6,0.8,3.0,2.4,0.9,0.5,1.6,1,0.44551282051282054,19.899999999999995
33,15.6,3.0,31.8,0.2,16.7,0.3,52.9,0.4,1.0,2.5,0.4,0.1,0.7,0,0.19230769230769232,6.7
64,28.8,13.5,51.6,0.0,0.0,2.6,75.1,2.6,5.6,1.0,1.2,1.8,1.4,1,0.46875,24.3
61,28.8,14.7,41.2,1.0,31.0,2.6,74.6,0.4,2.1,3.0,1.0,0.3,2.0,1,0.5104166666666666,19.4
82,28.0,8.8,42.8,0.9,35.0,1.2,80.6,1.3,2.7,0.9,0.7,0.5,1.2,1,0.31428571428571433,13.700000000000001
77,26.4,7.9,43.8,0.0,0.0,1.6,76.4,2.1,3.6,1.2,0.5,0.9,1.2,1,0.29924242424242425,15.0
76,26.0,8.2,46.1,0.4,27.4,1.0,57.0,1.6,2.8,0.7,1.2,0.8,0.9,1,0.3153846153846154,14.399999999999999
78,26.0,9.0,45.8,0.0,22.2,1.8,74.9,1.7,4.2,1.5,0.7,0.9,1.3,1,0.34615384615384615,16.599999999999998
81,25.4,9.2,43.9,0.6,35.9,1.8,75.8,0.7,3.5,1.2,0.6,0.2,1.3,1,0.3622047244094488,13.999999999999996
61,23.2,6.2,37.2,0.5,32.6,1.0,54.6,0.3,1.5,2.1,0.4,0.1,1.2,1,0.26724137931034486,9.4
12,15.5,4.7,35.8,0.8,32.3,0.7,66.7,0.3,2.3,1.3,0.9,0.2,0.6,0,0.3032258064516129,9.100000000000001
60,20.7,7.9,60.8,0.0,50.0,1.0,37.1,2.8,4.8,0.5,1.0,1.6,0.9,1,0.3816425120772947,17.700000000000003
45,19.8,6.0,49.3,0.0,20.0,1.0,74.6,2.0,3.8,0.8,0.5,0.5,0.6,0,0.30303030303030304,13.100000000000001
69,17.5,5.5,54.5,0.0,42.9,1.0,80.9,1.2,2.5,0.5,0.2,0.6,0.7,1,0.3142857142857143,9.799999999999999
41,17.4,5.6,41.8,0.9,37.5,0.8,82.9,1.1,1.6,2.9,0.9,0.5,1.1,1,0.3218390804597701,11.500000000000002
78,17.3,5.0,38.4,0.8,32.8,0.6,64.4,0.4,1.9,1.2,0.8,0.2,0.6,1,0.2890173410404624,9.0
78,17.0,7.1,41.7,0.8,38.6,0.9,90.9,0.2,1.0,2.8,0.5,0.0,0.9,1,0.41764705882352937,10.699999999999998
73,17.0,6.4,40.7,0.9,33.2,0.4,71.4,0.5,1.5,0.7,0.6,0.2,0.7,1,0.3764705882352941,9.2
56,15.4,8.7,47.9,1.1,42.1,1.1,75.9,0.6,1.5,0.5,0.3,0.2,0.9,0,0.5649350649350648,10.899999999999999
70,15.1,4.8,43.0,0.0,0.0,0.8,52.3,1.7,2.8,0.7,0.6,0.4,1.3,1,0.31788079470198677,9.7
61,14.8,6.1,44.6,0.9,38.4,1.0,84.3,0.3,1.3,0.9,0.2,0.2,0.7,1,0.4121621621621621,8.2
48,14.6,3.0,37.1,0.5,31.5,0.2,57.1,0.1,0.8,3.0,0.5,0.1,1.2,0,0.20547945205479454,6.3
79,13.4,2.9,32.7,0.2,20.9,0.6,81.8,0.7,2.6,0.7,0.5,0.3,0.7,1,0.21641791044776118,6.999999999999999
52,13.3,2.3,40.7,0.4,39.3,0.2,100.0,0.2,1.3,0.8,0.3,0.2,0.4,0,0.17293233082706766,4.699999999999999
63,13.1,6.0,48.2,0.0,0.0,0.9,53.3,1.8,2.9,0.5,0.3,0.7,0.8,1,0.4580152671755725,11.399999999999999
11,13.7,4.8,41.5,0.3,20.0,1.5,88.9,0.2,0.7,0.8,0.5,0.1,0.2,0,0.35036496350364965,6.8999999999999995
63,12.7,3.7,43.6,0.1,25.7,0.5,66.7,0.3,1.4,0.3,0.3,0.3,0.5,0,0.2913385826771654,5.8
47,12.3,3.3,36.8,0.3,37.8,0.4,58.8,0.2,0.8,0.7,0.3,0.0,0.6,0,0.26829268292682923,4.7
73,12.2,4.0,38.2,0.1,13.8,0.7,76.9,0.5,1.5,0.8,0.5,0.1,0.8,1,0.3278688524590164,6.6
51,12.1,4.0,40.0,0.7,38.3,0.5,71.9,0.4,1.8,0.9,0.2,0.2,0.6,0,0.3305785123966942,6.900000000000001
47,11.5,3.7,58.2,0.0,0.0,0.4,64.3,1.6,1.5,0.2,0.4,0.2,0.4,0,0.32173913043478264,7.200000000000001
57,11.2,4.1,51.3,0.0,0.0,0.5,66.7,1.1,2.5,0.9,0.2,0.5,0.7,1,0.36607142857142855,8.7
46,9.9,2.8,51.5,0.0,0.0,0.5,61.0,1.1,1.7,0.1,0.3,0.8,0.4,0,0.2828282828282828,6.399999999999999
41,9.9,2.9,37.5,0.3,28.0,0.5,72.4,0.2,0.7,0.6,0.4,0.1,0.5,0,0.29292929292929293,4.3999999999999995
30,25.7,5.8,40.0,0.8,32.5,0.7,72.4,1.5,2.0,1.5,0.7,0.3,0.7,0,0.22568093385214008,11.100000000000001
40,9.4,4.6,47.6,0.0,0.0,1.1,76.8,1.0,1.8,0.3,0.1,0.1,0.5,1,0.4893617021276595,7.399999999999999
48,8.2,2.1,38.1,0.1,17.4,0.2,56.3,0.1,0.9,1.3,0.2,0.1,0.7,0,0.25609756097560976,3.8999999999999995
35,7.8,2.6,38.4,0.1,25.0,0.6,72.4,0.4,0.4,1.2,0.2,0.1,0.8,0,0.33333333333333337,4.1000000000000005
27,7.5,2.8,29.5,0.3,22.6,0.6,89.5,0.0,0.2,1.0,0.2,0.0,0.6,0,0.3733333333333333,3.6999999999999997
23,6.4,3.1,35.3,0.4,30.0,0.6,100.0,0.2,0.6,0.2,0.1,0.1,0.3,1,0.484375,4.0
66,32.3,12.8,41.5,1.6,38.0,1.6,75.9,0.5,2.7,3.8,0.7,0.1,2.6,1,0.3962848297213623,18.0
56,29.4,12.6,42.8,0.8,31.3,2.0,76.4,1.3,2.3,2.3,0.9,0.3,2.1,0,0.4285714285714286,17.599999999999998
59,28.9,9.5,40.1,0.8,30.6,1.5,79.8,0.7,2.4,2.8,1.7,0.1,1.9,1,0.32871972318339104,15.4
63,28.6,9.5,45.2,1.0,33.7,0.7,55.1,1.4,3.3,2.1,1.2,0.5,1.3,1,0.33216783216783213,16.8
66,27.2,12.1,36.6,1.0,30.5,2.5,78.9,0.5,3.1,4.4,0.9,0.3,1.8,1,0.44485294117647056,19.4
65,25.5,11.5,44.8,1.3,37.9,2.4,83.2,0.7,1.8,4.1,0.8,0.1,1.6,1,0.45098039215686275,17.5
66,24.4,12.5,44.3,1.7,41.4,1.2,86.8,0.4,2.1,2.0,0.7,0.3,1.6,1,0.5122950819672132,16.299999999999997
64,24.0,7.9,49.3,0.6,37.6,1.1,77.3,1.6,3.5,1.1,1.3,0.4,0.7,1,0.32916666666666666,15.100000000000001
22,13.5,3.5,31.3,0.1,11.1,1.0,82.1,0.3,1.1,2.1,0.6,0.3,1.3,0,0.25925925925925924,6.699999999999999
46,22.5,10.2,58.6,0.0,0.0,2.4,66.5,3.1,4.6,0.8,0.7,1.0,1.2,1,0.4533333333333333,19.2
66,21.7,4.6,37.2,0.7,34.6,0.5,68.2,0.7,2.9,0.7,1.1,0.5,0.6,0,0.2119815668202765,9.799999999999999
66,21.5,8.8,41.2,0.6,26.8,2.1,69.7,1.2,3.5,0.6,0.5,0.5,1.2,1,0.4093023255813954,13.9
33,20.3,5.5,39.9,0.1,8.0,0.7,76.7,0.5,1.5,3.2,0.4,0.1,1.5,1,0.270935960591133,9.7
63,19.5,7.4,39.9,0.7,34.7,1.2,71.7,1.1,3.3,1.0,0.7,0.7,1.1,1,0.3794871794871795,13.1
65,19.4,6.8,39.3,0.3,27.6,1.0,77.6,0.3,1.1,2.0,0.7,0.0,1.6,1,0.3505154639175258,9.299999999999999
61,18.6,7.6,38.6,1.3,36.1,0.7,83.3,0.3,0.9,1.8,0.5,0.1,1.1,1,0.4086021505376344,10.1
51,17.5,5.8,44.7,0.1,15.0,0.7,87.2,0.2,1.2,3.3,0.7,0.1,1.2,0,0.3314285714285714,9.999999999999998
34,13.4,4.9,44.6,0.4,31.6,0.7,63.2,0.6,1.2,0.6,0.3,0.3,0.6,0,0.3656716417910448,7.3
56,16.7,6.4,51.3,0.0,33.3,1.3,72.0,1.2,2.9,0.6,0.8,0.3,1.2,0,0.38323353293413176,10.900000000000002
59,15.9,7.2,42.9,0.3,33.3,1.8,72.7,1.0,1.3,0.9,0.5,0.1,0.9,1,0.4528301886792453,10.0
41,15.2,4.1,47.3,0.0,0.0,0.3,78.6,1.1,3.0,0.8,0.3,0.4,0.5,1,0.26973684210526316,9.300000000000002
42,15.0,4.0,45.2,0.0,0.0,1.2,83.9,1.2,1.8,0.3,0.2,0.2,0.6,1,0.26666666666666666,7.1000000000000005
43,14.8,4.6,50.7,0.0,0.0,1.0,65.2,1.5,2.1,0.3,0.5,0.3,0.5,0,0.31081081081081074,8.8
37,14.6,4.4,42.3,0.5,33.9,0.4,61.5,1.3,2.6,0.3,0.6,0.5,0.5,0,0.30136986301369867,9.200000000000001
55,13.9,2.9,54.5,0.0,0.0,0.5,70.7,0.9,2.3,0.5,0.7,1.6,0.6,0,0.20863309352517984,8.3
42,13.5,4.9,42.1,0.0,0.0,0.7,55.8,1.3,2.0,0.4,0.4,0.5,0.9,0,0.362962962962963,8.6
19,12.8,3.3,39.0,0.1,20.0,0.7,82.4,0.5,0.9,1.6,0.4,0.2,0.9,0,0.25781249999999994,5.999999999999999
44,12.3,3.8,37.2,0.3,28.9,0.5,71.4,0.4,0.9,1.4,0.4,0.1,0.9,0,0.30894308943089427,6.1
64,12.2,3.6,40.0,0.2,28.6,0.7,71.2,0.2,1.3,2.0,0.4,0.0,0.8,1,0.2950819672131148,6.6000000000000005
46,12.1,4.7,50.8,0.1,33.3,0.5,75.0,1.0,1.6,0.5,0.3,0.4,0.4,1,0.38842975206611574,8.100000000000001
42,11.4,5.0,46.7,0.1,26.1,1.0,81.5,0.7,1.7,0.5,0.3,0.2,0.7,1,0.43859649122807015,7.7
38,11.1,3.9,32.5,0.1,20.0,1.1,70.0,0.2,0.7,0.9,0.1,0.2,1.0,0,0.35135135135135137,5.0
40,10.5,4.4,39.1,0.7,37.3,0.3,91.7,0.1,0.7,0.5,0.1,0.0,0.5,0,0.41904761904761906,5.3
26,9.9,4.4,43.2,0.7,36.2,0.1,40.0,0.4,2.0,0.8,0.1,0.1,0.6,1,0.4444444444444445,7.2
26,9.7,2.2,42.4,0.0,0.0,0.2,50.0,0.5,1.7,0.2,0.1,0.8,0.3,0,0.22680412371134023,5.2
26,12.2,2.8,38.9,0.6,37.5,0.1,50.0,0.3,0.8,1.0,0.4,0.3,0.6,0,0.22950819672131148,4.9
44,9.6,2.9,33.3,0.2,26.3,0.4,59.3,0.3,0.6,1.3,0.3,0.0,1.1,0,0.3020833333333333,4.199999999999999
38,8.7,2.9,38.1,0.4,37.8,0.2,100.0,0.1,0.8,0.9,0.3,0.1,0.6,1,0.33333333333333337,4.5
42,8.5,2.6,40.5,0.0,18.2,1.0,76.8,0.5,0.8,0.3,0.3,0.1,0.3,1,0.3058823529411765,4.3
36,8.3,3.2,44.6,0.0,0.0,0.2,66.7,0.6,1.1,0.2,0.1,0.4,0.4,0,0.38554216867469876,5.1000000000000005
82,38.0,22.5,50.6,0.1,29.2,5.4,64.2,3.3,8.8,3.8,0.8,0.6,2.7,1,0.5921052631578947,37.099999999999994
69,37.8,16.4,40.9,0.5,29.6,4.4,76.6,0.5,4.1,8.3,1.8,0.5,3.8,1,0.43386243386243384,27.8
82,31.0,9.7,49.7,1.0,39.3,1.4,76.9,1.3,5.1,1.9,1.0,0.2,1.3,1,0.3129032258064516,17.9
81,28.5,14.1,43.0,0.0,16.7,3.4,68.7,2.7,6.0,2.5,1.1,0.8,3.3,1,0.49473684210526314,23.8
80,27.8,9.4,55.1,0.0,0.0,1.8,62.2,3.1,4.4,1.3,1.2,0.6,1.0,1,0.3381294964028777,19.0
79,26.2,9.0,39.7,1.3,35.6,0.8,69.6,0.6,2.4,1.9,0.7,0.7,1.2,1,0.3435114503816794,14.1
65,24.6,7.7,57.6,0.0,0.0,1.1,55.5,2.6,4.5,0.6,0.6,1.0,0.7,1,0.3130081300813008,16.3
42,24.5,11.7,38.4,0.8,25.8,1.7,86.9,0.7,1.8,2.8,0.9,0.1,2.0,0,0.4775510204081632,16.0
78,23.0,7.2,42.5,0.2,31.8,1.3,80.8,0.5,3.4,2.0,0.6,0.2,1.0,1,0.3130434782608696,12.899999999999999
81,22.7,6.7,42.4,0.4,27.6,1.2,74.4,0.8,1.9,3.6,1.1,0.3,2.4,1,0.29515418502202645,12.1
80,21.1,9.8,45.1,1.6,41.9,1.1,80.8,0.3,2.2,1.2,0.3,0.1,1.0,1,0.46445497630331756,12.9
61,20.7,7.8,45.3,0.7,29.7,1.3,76.2,0.6,3.1,1.1,1.0,0.4,1.1,1,0.37681159420289856,12.9
78,19.7,6.8,51.7,0.0,0.0,1.3,59.5,2.2,3.1,0.5,0.4,0.9,1.0,1,0.34517766497461927,12.9
15,11.0,5.4,43.5,0.3,44.4,1.5,76.7,0.1,1.1,1.9,0.4,0.2,0.7,0,0.49090909090909096,8.5
81,17.9,5.6,39.4,0.6,31.5,1.1,77.3,0.9,2.4,0.7,0.7,0.3,1.3,1,0.3128491620111732,9.299999999999997
58,17.8,4.1,43.7,0.0,0.0,0.7,65.6,1.4,1.7,0.7,0.4,1.5,0.8,1,0.23033707865168537,8.999999999999998
54,17.3,5.9,37.4,0.6,37.0,1.3,76.3,0.7,1.9,1.6,0.6,0.1,1.2,0,0.34104046242774566,9.6
72,16.9,5.4,48.5,0.5,47.3,1.0,71.1,0.6,1.4,1.1,0.4,0.3,1.0,1,0.31952662721893493,8.100000000000001
52,16.7,6.3,55.8,0.0,0.0,0.6,71.4,1.7,2.2,0.8,0.3,0.7,0.6,1,0.37724550898203596,11.3
65,16.4,5.3,54.9,0.0,0.0,1.0,67.3,1.5,2.4,0.5,0.5,0.7,0.6,1,0.3231707317073171,10.299999999999999
60,14.5,4.3,43.3,0.0,0.0,0.5,56.0,1.0,2.0,0.3,0.4,1.2,0.6,1,0.296551724137931,8.6
49,13.1,3.9,38.3,0.3,24.2,0.4,73.1,0.8,2.1,0.6,0.3,0.3,0.3,0,0.29770992366412213,7.699999999999999
66,11.1,2.8,40.6,0.3,36.0,0.4,70.6,0.3,1.0,0.4,0.3,0.1,0.2,1,0.25225225225225223,4.699999999999999
42,10.4,3.8,42.4,0.1,37.5,0.8,58.9,0.7,0.7,1.6,0.3,0.2,0.6,0,0.36538461538461536,6.800000000000001
43,10.3,2.3,37.4,0.1,30.0,0.3,57.1,0.2,0.9,1.8,0.4,0.1,0.8,1,0.22330097087378636,4.9
42,10.0,3.8,35.7,0.4,28.3,0.8,78.6,0.5,1.1,0.7,0.3,0.2,0.5,0,0.38,6.2
49,9.4,3.6,66.1,0.0,0.0,0.5,70.3,0.7,1.2,0.5,0.3,0.3,0.4,1,0.3829787234042553,6.299999999999999
18,7.9,1.0,53.3,0.0,0.0,0.1,50.0,0.7,1.2,0.2,0.3,0.4,0.4,1,0.12658227848101264,3.4
38,7.3,2.9,45.5,0.1,41.7,0.3,59.1,0.3,0.7,1.2,0.1,0.0,1.0,0,0.3972602739726027,4.1
22,7.2,2.3,35.6,0.0,10.0,0.4,53.3,0.3,0.7,1.1,0.2,0.1,0.8,0,0.3194444444444444,3.9000000000000004
41,5.2,2.0,48.5,0.0,0.0,0.4,73.9,0.5,0.6,0.2,0.1,0.2,0.5,0,0.3846153846153846,3.0000000000000004
72,37.2,20.1,45.8,0.5,25.5,4.8,74.8,0.9,4.4,5.8,1.5,0.4,3.0,1,0.5403225806451613,30.1
80,36.2,17.5,46.2,2.1,43.7,2.2,88.5,0.6,3.9,5.9,1.9,0.2,3.0,1,0.48342541436464087,26.999999999999996
82,32.6,15.5,37.1,1.8,37.4,2.7,81.7,0.6,2.8,5.7,1.3,0.2,2.4,1,0.4754601226993865,23.7
22,10.6,2.5,27.7,0.5,26.2,0.3,87.5,0.0,1.6,0.5,0.3,0.1,0.4,0,0.2358490566037736,4.599999999999999
81,28.9,13.5,41.7,1.0,35.8,2.8,82.6,0.3,2.1,4.4,1.0,0.0,2.9,0,0.4671280276816609,18.400000000000002
76,27.8,12.4,47.7,0.6,40.0,1.9,85.1,0.5,2.0,5.7,1.0,0.1,2.7,1,0.4460431654676259,19.000000000000004
82,26.9,9.0,49.4,0.0,0.0,1.4,64.6,2.8,4.7,0.9,0.6,1.3,1.4,1,0.3345724907063197,17.900000000000002
73,25.6,14.5,45.1,1.6,37.4,2.0,81.4,1.0,1.9,1.6,0.8,0.1,1.0,1,0.56640625,18.900000000000002
82,24.7,9.4,48.3,0.8,38.2,2.0,82.9,0.6,1.7,1.5,0.8,0.2,1.1,1,0.38056680161943324,13.1
73,24.2,8.0,44.2,0.8,39.0,0.9,75.6,0.8,1.8,3.8,1.1,0.3,2.1,1,0.3305785123966942,13.7
76,22.9,9.9,40.3,1.2,37.5,2.6,80.8,0.6,2.6,1.8,1.1,0.3,1.4,1,0.4323144104803494,14.900000000000004
78,22.6,8.4,40.1,0.4,31.0,1.3,71.5,0.6,3.9,2.9,0.6,0.1,1.6,0,0.3716814159292035,14.900000000000004
20,10.0,3.4,39.3,0.4,29.2,0.6,85.7,0.2,1.8,0.7,0.3,0.3,0.7,0,0.33999999999999997,6.0
77,21.6,8.6,49.8,0.1,25.0,1.9,76.3,0.9,2.0,0.7,0.6,0.2,0.8,1,0.3981481481481481,12.199999999999998
65,20.3,8.3,51.5,0.5,41.0,1.6,75.7,0.6,1.3,3.1,0.7,0.0,1.3,1,0.4088669950738916,12.7
74,20.1,8.9,44.1,1.2,36.9,0.9,77.0,0.5,2.5,1.2,0.5,0.1,0.7,1,0.4427860696517413,13.0
56,19.4,8.6,45.8,1.2,38.9,1.0,80.9,0.7,1.2,2.0,0.8,0.1,1.0,1,0.443298969072165,12.4
82,18.2,7.8,55.6,0.0,0.0,1.1,54.7,2.4,4.0,0.8,0.6,0.5,1.4,1,0.4285714285714286,14.700000000000001
76,18.2,6.6,42.4,0.8,39.5,0.8,87.1,0.4,1.7,1.0,0.3,0.1,1.0,1,0.3626373626373626,9.1
80,16.5,7.4,45.1,0.1,19.6,1.7,77.7,1.0,1.6,0.7,0.4,0.3,1.2,0,0.4484848484848485,10.100000000000001
81,15.7,4.7,41.8,0.3,31.0,0.6,72.2,0.3,1.3,3.3,0.5,0.1,1.1,1,0.2993630573248408,9.100000000000001
56,15.4,7.3,41.0,1.1,34.5,1.1,80.0,0.2,1.4,1.9,0.6,0.1,1.1,1,0.474025974025974,10.4
82,32.0,18.3,54.2,0.4,34.1,2.7,81.1,2.8,7.7,2.0,0.7,1.7,2.2,0,0.571875,31.000000000000004
47,13.3,5.2,49.3,0.0,0.0,1.0,67.6,1.6,2.1,0.4,0.3,0.5,0.6,1,0.39097744360902253,9.500000000000002
69,13.3,5.1,46.4,0.4,30.5,0.7,82.1,0.5,2.0,0.5,0.4,0.4,0.7,1,0.38345864661654133,8.200000000000001
60,13.1,4.5,50.2,0.0,0.0,0.9,75.4,0.9,1.9,0.6,0.2,0.6,0.5,0,0.3435114503816794,8.2
52,12.6,2.8,53.4,0.0,0.0,0.7,59.7,2.0,2.1,0.4,0.3,0.1,0.4,0,0.2222222222222222,7.299999999999999
27,12.4,5.0,43.6,0.5,35.1,1.3,70.0,0.2,0.9,0.8,0.5,0.2,1.0,1,0.4032258064516129,6.6
60,12.0,4.7,38.8,0.7,31.8,0.5,79.5,0.1,1.5,0.7,0.3,0.1,0.4,1,0.39166666666666666,7.0
63,11.2,3.9,49.5,0.0,0.0,0.5,64.6,0.9,1.7,0.2,0.4,0.3,0.2,1,0.34821428571428575,7.1000000000000005
71,11.2,2.9,39.6,0.0,0.0,0.5,62.3,0.7,1.4,0.5,0.4,0.1,0.3,1,0.25892857142857145,5.7
39,10.4,2.7,66.2,0.0,0.0,0.5,90.0,0.6,1.9,0.0,0.2,0.4,0.3,1,0.25961538461538464,5.500000000000001
71,10.1,3.2,39.6,0.1,21.9,0.6,83.7,0.1,0.9,1.7,0.5,0.1,0.7,1,0.31683168316831684,5.7
57,9.4,3.3,46.3,0.0,28.6,0.8,66.7,0.5,0.8,0.3,0.4,0.2,0.3,0,0.351063829787234,5.3
44,9.2,3.0,35.4,0.3,35.7,0.6,71.1,0.3,0.7,0.4,0.2,0.2,0.4,0,0.32608695652173914,4.4
43,8.3,2.6,35.6,0.1,21.1,0.8,74.5,0.3,0.9,0.3,0.2,0.2,0.3,1,0.3132530120481928,4.300000000000001
43,8.3,2.6,35.6,0.1,21.1,0.8,74.5,0.3,0.9,0.3,0.2,0.2,0.3,1,0.3132530120481928,4.300000000000001
51,7.5,2.7,37.1,0.0,40.0,0.5,72.2,0.4,0.9,0.4,0.1,0.3,0.5,1,0.36000000000000004,4.2
12,6.3,1.7,30.0,0.1,16.7,0.6,58.3,0.2,0.5,1.2,0.3,0.2,0.9,0,0.2698412698412698,3.1999999999999997
18,6.2,2.4,37.2,0.5,32.1,0.2,60.0,0.3,0.8,0.0,0.1,0.1,0.3,0,0.3870967741935484,3.4000000000000004
53,30.0,17.5,50.8,0.0,16.7,2.5,68.6,2.3,4.7,1.2,0.4,1.1,2.3,0,0.5833333333333334,24.9
25,5.2,2.3,39.6,0.2,31.3,0.4,84.6,0.3,0.4,0.5,0.3,0.1,0.6,0,0.44230769230769224,3.3
82,38.0,18.5,43.8,1.8,38.4,3.0,87.9,0.7,3.1,3.2,1.1,0.2,2.8,1,0.4868421052631579,24.0
81,37.0,16.8,47.5,0.2,22.2,2.4,78.8,1.2,2.7,6.3,0.8,0.2,2.5,1,0.4540540540540541,25.5
78,34.3,16.1,45.6,1.7,38.9,3.8,85.4,0.6,2.0,2.8,1.0,0.5,2.1,1,0.4693877551020409,20.900000000000002
82,32.5,15.3,39.8,0.4,27.1,4.3,81.5,2.2,2.7,5.3,1.3,0.2,3.3,1,0.4707692307692308,23.700000000000003
82,32.0,10.0,42.0,1.4,36.7,1.8,76.7,0.5,2.3,4.9,1.9,0.1,2.0,1,0.3125,17.700000000000003
82,30.5,13.0,53.1,0.0,0.0,2.1,79.3,2.7,5.4,1.0,0.5,1.8,1.8,1,0.4262295081967213,22.6
82,28.1,11.1,49.7,0.0,0.0,2.4,69.2,2.9,4.5,1.1,0.6,0.7,1.8,1,0.395017793594306,19.1
72,26.5,11.8,43.0,1.5,43.9,2.9,89.3,0.2,1.6,3.5,0.6,0.0,1.6,1,0.44528301886792454,16.1
78,28.6,6.4,42.2,0.4,27.6,1.0,68.4,1.0,4.1,1.5,0.9,0.3,1.2,0,0.22377622377622378,13.100000000000003
81,25.3,11.1,45.9,0.0,10.5,3.3,78.9,3.4,5.7,1.0,0.4,0.6,1.5,1,0.4387351778656126,20.7
77,25.2,8.4,45.0,1.1,40.4,1.0,83.0,0.2,2.1,1.2,1.0,0.2,0.9,1,0.33333333333333337,12.199999999999998
81,24.8,13.9,47.2,0.4,40.7,2.3,77.2,1.4,4.1,1.0,0.5,0.5,1.5,1,0.5604838709677419,19.8
75,24.0,8.1,42.3,1.0,37.3,0.6,69.7,0.5,2.7,0.9,0.5,0.5,1.0,1,0.33749999999999997,12.1
67,22.6,10.1,47.8,1.3,46.7,1.2,87.0,1.2,1.8,1.2,0.5,0.2,0.8,1,0.4469026548672566,14.199999999999998
61,21.5,8.9,56.4,0.0,0.0,2.4,63.7,2.8,4.2,0.5,0.4,1.1,1.4,0,0.41395348837209306,16.5
56,20.8,5.3,45.9,0.6,34.4,0.7,70.7,0.6,1.8,1.8,0.8,0.5,1.2,0,0.2548076923076923,9.500000000000002
66,19.9,7.4,39.3,1.0,36.5,1.5,84.5,1.6,3.1,0.8,0.7,0.3,0.9,1,0.3718592964824121,13.000000000000002
76,19.3,5.6,43.8,0.0,0.0,0.5,66.7,1.4,3.1,0.6,0.7,0.7,0.6,1,0.29015544041450775,11.599999999999998
77,16.5,5.7,40.3,0.3,32.9,1.5,78.1,0.4,1.7,1.8,0.6,0.3,1.0,1,0.34545454545454546,9.500000000000002
79,16.0,7.7,50.2,0.0,25.0,1.3,77.3,1.6,2.2,0.4,0.3,0.7,0.6,1,0.48125,12.200000000000001
75,15.2,6.5,49.4,0.0,0.0,1.4,66.0,1.6,2.3,0.3,0.4,1.0,0.8,1,0.4276315789473684,11.3
51,15.1,5.7,41.2,0.3,32.5,1.1,69.1,0.4,1.3,2.1,0.7,0.0,1.4,0,0.3774834437086093,8.799999999999999
53,14.5,4.3,63.3,0.0,0.0,0.8,38.5,1.4,3.1,0.2,0.2,1.1,0.8,1,0.296551724137931,9.499999999999998
70,14.4,7.1,47.1,0.0,0.0,1.4,66.7,1.6,1.8,0.7,0.3,1.1,0.8,1,0.4930555555555555,11.899999999999999
68,13.7,5.3,39.2,0.7,34.6,0.5,79.1,0.2,0.6,1.7,0.3,0.0,0.9,0,0.38686131386861317,7.199999999999999
80,28.2,13.2,41.0,1.6,35.1,1.8,73.7,0.6,2.8,3.3,1.2,0.2,2.5,0,0.46808510638297873,18.799999999999997
44,13.3,4.9,46.0,0.1,25.0,1.2,82.3,0.3,0.8,1.2,0.3,0.2,0.7,1,0.3684210526315789,7.0
53,12.4,4.3,36.5,0.1,25.9,1.6,80.6,0.2,0.9,1.5,0.3,0.0,1.1,1,0.34677419354838707,6.1
59,12.1,4.7,41.6,0.3,34.8,1.0,69.9,0.7,1.2,0.7,0.3,0.5,0.9,1,0.38842975206611574,7.199999999999999
60,9.3,2.8,40.6,0.4,39.4,0.3,64.0,0.2,0.6,2.0,0.5,0.0,1.1,1,0.30107526881720426,4.9
48,11.8,4.7,50.8,0.0,0.0,0.8,70.6,1.0,1.8,0.4,0.3,0.7,0.5,1,0.3983050847457627,8.5
40,11.1,3.9,38.9,0.4,39.5,1.0,80.0,0.8,1.2,0.5,0.3,0.5,0.4,0,0.35135135135135137,6.8
19,10.9,2.7,29.2,0.5,22.0,0.3,50.0,0.6,1.5,0.9,0.3,0.1,0.4,1,0.24770642201834864,5.8
76,27.7,13.8,42.3,1.3,34.3,2.8,84.0,0.4,2.1,2.6,0.6,0.3,2.1,0,0.4981949458483755,17.700000000000003
60,10.2,3.1,51.8,0.0,0.0,0.8,69.1,0.9,1.1,0.1,0.2,0.7,0.5,1,0.303921568627451,5.6
51,8.4,1.9,43.0,0.0,0.0,0.5,68.6,0.6,1.1,0.2,0.2,0.1,0.3,0,0.22619047619047616,3.8
37,8.2,2.4,36.5,0.3,40.0,0.5,85.7,0.3,0.7,0.8,0.3,0.0,0.6,0,0.29268292682926833,3.7999999999999994
80,34.6,20.3,43.0,0.7,28.8,4.9,87.3,0.9,3.5,2.4,1.0,0.9,2.9,1,0.5867052023121387,26.0
80,28.2,10.5,42.7,0.3,27.6,2.2,74.4,1.3,3.5,1.5,0.6,0.6,2.0,1,0.3723404255319149,15.900000000000002
78,27.8,8.5,48.5,0.5,32.8,0.8,74.1,1.2,5.0,1.2,1.0,1.4,0.7,1,0.3057553956834532,17.599999999999998
79,27.3,12.7,42.9,0.5,33.1,2.7,74.3,1.2,3.3,1.2,0.6,0.5,1.6,0,0.46520146520146516,17.9
53,26.1,9.4,42.8,0.6,33.0,1.7,73.2,0.4,2.2,4.2,0.8,0.0,1.7,1,0.36015325670498083,15.3
73,23.1,8.1,37.5,0.9,30.7,1.1,78.4,0.8,3.4,1.6,0.8,0.2,1.6,0,0.3506493506493506,13.3
59,24.4,8.8,38.1,1.3,33.2,0.8,82.5,0.3,2.7,1.3,0.4,0.1,1.1,1,0.3606557377049181,12.500000000000002
79,22.8,5.8,37.4,0.1,19.4,1.1,80.0,1.0,2.7,1.4,1.0,0.3,1.1,1,0.25438596491228066,11.100000000000001
74,21.0,8.2,53.9,0.1,31.6,1.0,73.8,1.6,2.6,0.8,1.0,0.1,0.9,1,0.3904761904761904,13.399999999999999
74,20.7,6.6,48.2,0.0,0.0,1.8,69.1,2.4,3.3,1.1,0.9,0.9,1.2,1,0.3188405797101449,13.9
35,19.6,7.3,43.8,0.3,30.0,1.0,63.0,1.1,2.5,0.9,0.4,0.5,0.8,1,0.3724489795918367,11.9
57,19.0,7.6,40.1,0.1,18.8,2.2,81.4,0.6,1.7,2.8,0.9,0.1,1.4,1,0.39999999999999997,12.299999999999999
73,19.0,5.8,46.8,0.1,22.0,1.2,73.7,1.7,2.3,1.1,0.8,0.1,0.7,1,0.30526315789473685,11.0
73,17.5,5.6,53.8,0.0,0.0,1.1,60.9,1.6,2.8,0.4,0.4,1.4,1.0,0,0.32,11.200000000000001
60,22.8,10.3,49.8,0.1,21.4,1.5,72.7,1.1,4.4,0.7,0.4,1.4,1.1,0,0.4517543859649123,17.199999999999996
42,16.9,8.1,61.6,0.0,0.0,1.7,66.1,2.3,2.6,0.5,0.4,0.2,0.6,1,0.47928994082840237,13.5
56,15.4,4.2,40.1,0.1,20.6,0.7,79.2,0.2,0.8,2.0,0.5,0.0,1.0,0,0.2727272727272727,6.7
75,15.4,7.5,43.9,0.5,40.0,1.3,81.5,0.3,1.2,0.8,0.5,0.1,1.3,1,0.487012987012987,9.1
76,14.6,4.5,45.5,0.1,28.6,0.7,65.9,1.0,2.0,0.3,0.3,0.7,0.6,1,0.3082191780821918,8.2
69,13.6,4.5,48.4,0.0,0.0,1.4,66.0,1.4,1.6,0.4,0.5,0.3,0.9,1,0.33088235294117646,7.800000000000001
50,13.6,5.6,42.1,0.2,27.0,1.4,69.2,0.5,1.7,1.0,0.4,0.0,1.1,0,0.4117647058823529,8.100000000000001
71,13.1,4.7,45.9,0.1,19.0,0.5,65.5,1.0,2.3,0.6,0.2,0.6,0.8,1,0.3587786259541985,8.499999999999998
75,12.9,3.7,41.1,0.1,20.8,0.9,78.2,0.5,1.3,0.7,0.4,0.1,0.5,1,0.2868217054263566,6.2
51,11.9,5.2,41.3,0.7,33.0,0.8,85.7,0.3,0.8,1.7,0.3,0.1,0.9,1,0.4369747899159664,7.5
32,11.5,3.7,42.6,0.3,34.6,0.7,79.3,0.4,0.6,1.1,0.5,0.0,0.6,1,0.32173913043478264,5.700000000000001
57,11.2,3.9,53.3,0.2,41.7,0.6,63.5,0.6,1.5,0.7,0.5,0.2,0.6,0,0.34821428571428575,6.800000000000001
52,10.7,1.9,47.1,0.0,0.0,0.3,59.3,1.0,1.6,0.3,0.2,0.2,0.5,0,0.17757009345794392,4.7
26,10.3,4.1,56.1,0.0,0.0,0.6,68.2,1.3,2.1,0.4,0.3,0.4,0.5,0,0.3980582524271844,8.100000000000001
61,10.0,4.3,50.5,0.0,0.0,0.9,56.6,1.1,1.6,0.7,0.3,0.3,0.9,1,0.43,7.5
70,9.9,1.3,37.9,0.0,16.7,0.2,43.8,0.8,1.2,0.6,0.3,0.4,0.6,1,0.13131313131313133,4.000000000000001
38,9.9,4.0,55.4,0.0,0.0,0.7,67.5,1.0,1.6,0.2,0.2,0.6,0.3,1,0.40404040404040403,7.3
38,8.5,3.2,40.8,0.0,0.0,0.5,64.3,0.6,1.1,0.3,0.2,0.4,0.5,0,0.3764705882352941,5.200000000000001
64,4.2,0.9,42.9,0.0,0.0,0.3,65.4,0.4,0.3,0.2,0.2,0.1,0.1,0,0.21428571428571427,2.1
14,3.1,1.1,26.1,0.2,23.1,0.0,0.0,0.0,0.4,0.1,0.0,0.2,0.3,0,0.3548387096774194,1.5
66,21.4,7.0,56.3,0.0,0.0,1.2,64.8,2.0,3.3,0.6,0.7,1.0,0.7,0,0.3271028037383178,13.9
57,35.4,16.8,45.6,1.0,37.7,3.5,83.8,1.0,3.4,4.0,1.2,0.2,2.0,1,0.4745762711864407,24.6
78,29.8,11.8,37.6,1.1,33.7,1.5,71.0,0.7,2.3,2.1,0.4,0.1,1.7,0,0.39597315436241615,15.600000000000001
78,27.0,10.8,42.2,0.7,36.4,1.9,72.7,1.2,3.3,1.3,0.9,0.9,1.8,1,0.4,16.599999999999998
78,23.5,6.4,41.8,0.1,20.7,1.5,64.7,0.9,2.8,3.8,1.6,0.1,1.8,1,0.2723404255319149,13.8
82,22.9,10.1,43.4,0.8,36.8,2.0,85.4,0.6,2.1,2.8,0.7,0.3,1.9,1,0.44104803493449785,14.700000000000001
63,22.1,9.0,50.3,0.0,0.0,1.3,72.2,2.3,2.7,0.4,0.3,1.2,0.7,1,0.4072398190045249,15.200000000000001
48,20.1,7.7,45.7,0.3,28.3,1.6,79.6,0.6,1.4,0.9,1.1,0.0,1.0,0,0.38308457711442784,10.7
52,21.3,6.6,45.2,1.0,46.1,0.8,66.7,0.4,1.7,1.4,0.7,0.5,0.7,0,0.30985915492957744,10.6
82,18.7,7.4,53.1,0.0,0.0,1.4,62.4,1.8,3.3,0.6,0.6,0.2,0.9,1,0.39572192513368987,12.999999999999998
81,18.7,5.5,45.5,0.0,50.0,1.4,76.4,1.6,3.8,0.5,0.6,0.5,1.2,1,0.29411764705882354,11.3
82,18.0,6.8,52.5,0.0,33.3,1.7,67.3,2.2,2.9,0.8,0.8,0.9,1.1,1,0.37777777777777777,13.400000000000002
67,17.4,6.6,46.4,0.4,34.7,0.8,60.9,0.6,1.3,0.4,0.6,0.3,0.6,1,0.37931034482758624,9.200000000000001
79,16.6,6.8,39.5,0.6,28.2,0.9,84.7,0.4,1.7,3.3,0.4,0.0,1.8,0,0.4096385542168674,10.799999999999999
79,16.6,6.8,39.5,0.6,28.2,0.9,84.7,0.4,1.7,3.3,0.4,0.0,1.8,0,0.4096385542168674,10.799999999999999
60,16.5,4.6,42.4,0.9,41.9,0.5,71.8,0.5,1.1,1.2,0.4,0.1,0.7,1,0.27878787878787875,7.1
68,15.6,4.9,50.5,0.1,18.5,0.8,56.7,1.4,2.9,0.6,0.8,0.7,0.7,1,0.31410256410256415,10.6
29,21.2,5.8,45.7,0.1,28.6,1.3,71.2,1.3,4.0,1.5,1.3,0.6,0.9,0,0.27358490566037735,13.6
72,15.1,4.4,42.2,0.6,32.8,0.4,71.1,0.3,1.3,1.9,0.6,0.1,1.0,1,0.29139072847682124,7.699999999999999
47,15.1,6.2,38.6,1.0,41.4,0.9,76.4,0.4,1.1,0.9,0.4,0.1,0.9,0,0.41059602649006627,8.2
52,14.9,4.5,38.2,0.3,27.7,0.9,58.5,0.5,1.5,1.6,0.6,0.1,1.1,0,0.30201342281879195,7.699999999999999
42,14.8,6.0,41.0,0.9,38.8,1.3,90.0,0.2,1.0,0.9,0.3,0.0,0.5,1,0.4054054054054054,7.9
72,13.4,5.2,47.5,0.0,0.0,1.5,60.6,1.2,2.5,0.6,0.6,1.1,1.3,1,0.3880597014925373,9.899999999999999
59,12.8,4.4,53.8,0.0,0.0,1.3,66.1,0.8,2.2,0.3,0.4,0.6,0.8,0,0.34375,7.999999999999999
43,12.4,2.9,41.7,0.0,0.0,0.4,48.5,1.0,1.5,0.3,0.2,0.5,0.5,0,0.23387096774193547,5.9
81,21.1,7.5,41.0,0.8,33.7,1.3,73.0,0.9,3.3,1.2,0.5,0.5,0.7,0,0.3554502369668246,13.1
46,12.1,3.9,46.9,0.4,36.5,0.2,55.0,0.7,1.1,0.5,0.1,0.2,0.5,1,0.32231404958677684,6.0
56,12.1,4.6,52.8,0.0,0.0,1.0,67.5,0.7,0.7,0.4,0.7,0.1,0.4,1,0.3801652892561983,6.699999999999999
68,11.6,2.7,36.7,0.3,32.1,0.5,86.0,0.6,1.2,1.0,0.4,0.1,0.6,0,0.2327586206896552,5.4
58,11.5,3.3,50.8,0.0,0.0,1.0,78.7,0.8,1.5,0.2,0.2,0.7,0.4,1,0.28695652173913044,6.3
63,11.4,4.2,44.6,0.0,0.0,1.7,73.6,1.5,1.9,0.2,0.2,0.3,0.8,1,0.3684210526315789,7.500000000000001
56,11.3,3.1,54.4,0.0,0.0,0.7,59.7,1.0,1.6,0.2,0.2,0.5,0.6,1,0.2743362831858407,6.100000000000001
61,11.0,4.2,57.9,0.0,0.0,0.9,54.4,1.0,1.8,0.2,0.2,0.3,0.5,0,0.38181818181818183,7.3
41,10.5,4.1,43.3,0.4,34.6,0.7,84.4,0.0,0.6,1.3,0.4,0.0,0.4,0,0.3904761904761904,6.1
42,9.7,3.4,36.6,0.5,35.1,0.6,67.6,0.1,0.6,1.5,0.4,0.0,0.5,1,0.3505154639175258,5.5
29,20.7,4.0,31.0,0.7,28.6,0.6,85.0,0.3,2.1,0.7,0.5,0.2,0.5,0,0.1932367149758454,7.300000000000001
42,8.5,2.8,38.1,0.3,24.0,0.3,73.3,0.3,0.6,0.4,0.4,0.1,0.4,0,0.32941176470588235,4.199999999999999
61,8.1,2.9,55.6,0.0,0.0,0.4,66.7,0.6,0.7,0.2,0.3,0.1,0.4,0,0.35802469135802467,4.3999999999999995
44,7.6,2.5,46.2,0.0,11.1,0.5,56.1,0.5,0.8,0.4,0.3,0.0,0.4,1,0.32894736842105265,4.1
44,7.6,2.5,46.2,0.0,11.1,0.5,56.1,0.5,0.8,0.4,0.3,0.0,0.4,0,0.32894736842105265,4.1
38,7.1,2.4,56.8,0.0,0.0,0.2,60.0,0.7,1.3,0.1,0.2,0.1,0.8,0,0.3380281690140845,3.8999999999999995
35,5.5,1.5,36.0,0.4,33.3,0.1,100.0,0.1,0.6,0.2,0.1,0.0,0.1,1,0.2727272727272727,2.4000000000000004
78,36.0,16.1,43.0,0.6,28.2,5.1,84.7,0.8,4.3,7.8,2.2,0.1,2.4,1,0.44722222222222224,28.900000000000006
80,30.1,11.9,39.1,1.2,35.8,2.0,72.5,1.0,2.4,5.6,1.3,0.1,2.3,1,0.3953488372093023,19.9
81,29.1,13.0,46.3,0.9,32.7,1.4,70.6,2.2,4.2,1.1,0.7,0.8,1.2,1,0.4467353951890034,20.8
80,28.9,8.8,40.3,1.4,36.1,1.1,69.9,0.4,2.9,2.7,1.1,0.1,1.5,1,0.30449826989619383,14.5
80,28.8,10.8,42.1,1.1,41.6,1.2,70.4,0.4,2.0,4.5,0.8,0.2,1.8,1,0.375,16.900000000000002
63,20.1,5.5,52.7,0.0,10.0,0.5,68.1,1.6,3.3,0.7,0.9,0.4,0.7,0,0.2736318407960199,11.8
79,24.7,8.5,44.3,0.2,24.5,2.4,74.7,1.5,3.3,0.8,0.6,0.3,1.1,1,0.3441295546558705,13.900000000000002
65,24.2,12.3,47.7,0.0,33.3,2.9,82.5,2.1,3.6,0.8,0.5,0.7,1.5,1,0.5082644628099174,18.6
78,22.6,7.5,46.2,0.4,32.3,1.5,77.7,1.7,3.2,1.2,0.7,0.8,1.0,1,0.331858407079646,14.1
61,22.6,7.6,48.7,0.0,33.3,1.8,75.2,1.7,3.2,1.0,0.6,0.1,0.9,1,0.33628318584070793,13.299999999999999
72,21.4,9.3,40.7,0.8,39.7,2.1,75.2,0.8,1.5,2.0,0.8,0.0,1.6,1,0.4345794392523365,12.800000000000002
61,20.3,9.7,41.5,1.3,38.0,1.6,90.0,0.2,1.7,1.2,0.4,0.1,1.3,0,0.4778325123152709,11.999999999999998
79,20.2,6.7,44.2,0.3,26.3,1.6,80.0,0.2,1.8,2.8,0.5,0.0,1.3,1,0.3316831683168317,10.7
81,19.8,6.1,47.0,0.4,34.8,0.3,63.4,0.5,2.6,4.5,1.2,0.1,1.7,0,0.30808080808080807,13.299999999999999
80,19.8,6.7,47.8,0.4,33.3,1.4,81.2,0.7,2.3,0.8,0.5,0.2,1.1,1,0.3383838383838384,10.200000000000001
49,18.1,6.8,41.5,0.6,34.1,0.9,71.2,0.4,1.7,1.6,0.7,0.2,1.2,1,0.3756906077348066,10.2
61,17.5,6.6,39.9,1.1,35.7,1.0,85.9,0.5,1.7,0.6,0.3,0.2,0.7,1,0.3771428571428571,9.1
79,17.2,7.9,45.0,0.8,37.2,1.0,73.6,0.4,1.4,0.8,0.6,0.3,1.1,0,0.4593023255813954,10.300000000000002
67,16.9,5.1,59.6,0.0,0.0,1.1,57.7,1.6,2.9,0.6,0.5,0.3,0.8,1,0.30177514792899407,10.2
67,16.9,5.1,59.6,0.0,0.0,1.1,57.7,1.6,2.9,0.6,0.5,0.3,0.8,0,0.30177514792899407,10.2
36,15.7,5.8,41.4,0.7,41.4,0.9,80.5,0.6,1.3,0.9,0.3,0.1,0.9,1,0.3694267515923567,8.1
80,15.4,3.2,39.5,0.1,22.5,0.6,66.2,0.5,1.4,1.6,1.0,0.1,1.4,0,0.2077922077922078,6.299999999999999
69,14.9,7.0,52.4,0.0,0.0,2.0,81.0,1.4,1.9,0.4,0.2,0.4,1.1,1,0.4697986577181208,10.200000000000001
66,14.7,3.8,38.0,0.3,28.2,0.5,78.3,0.3,0.9,1.3,0.6,0.1,0.9,0,0.2585034013605442,6.199999999999998
18,13.3,4.7,33.7,0.4,26.9,0.9,73.9,0.4,1.3,1.8,0.4,0.3,0.8,0,0.3533834586466165,8.100000000000001
59,12.8,3.4,51.0,0.2,50.0,0.7,78.0,1.1,2.3,0.5,0.3,0.4,0.5,1,0.265625,7.3999999999999995
37,11.6,3.0,45.7,0.0,0.0,1.0,80.0,0.8,1.4,0.2,0.2,0.1,0.6,1,0.25862068965517243,5.1000000000000005
68,10.6,4.1,44.3,0.0,0.0,1.1,66.1,0.6,1.5,0.4,0.2,0.3,0.8,1,0.38679245283018865,6.3
43,9.6,3.4,48.3,0.0,0.0,0.7,88.2,0.9,1.2,0.2,0.3,0.0,0.6,0,0.3541666666666667,5.300000000000001
39,9.5,1.8,35.8,0.0,6.7,0.3,50.0,0.2,0.6,0.3,0.1,0.1,0.5,1,0.18947368421052632,2.6
51,9.1,2.7,39.0,0.1,23.5,0.6,69.8,0.3,0.7,0.9,0.6,0.1,0.7,0,0.29670329670329676,4.6
23,8.8,3.4,36.8,0.2,25.0,0.8,75.0,0.8,0.9,0.7,0.3,0.1,0.4,1,0.3863636363636363,5.799999999999999
32,22.9,8.3,46.2,0.9,44.1,0.9,85.7,0.4,2.1,3.6,1.0,0.1,1.5,0,0.36244541484716164,14.0
39,8.7,1.8,25.0,0.3,18.5,0.4,94.1,0.1,0.6,1.2,0.7,0.1,0.6,0,0.20689655172413796,3.9
57,8.5,2.3,45.4,0.0,0.0,0.8,60.6,1.0,1.4,0.3,0.3,0.2,0.4,1,0.27058823529411763,4.999999999999999
46,7.3,1.6,40.2,0.0,0.0,0.2,29.6,0.7,1.0,0.2,0.1,0.5,0.4,1,0.21917808219178084,3.6999999999999997
33,5.5,1.5,45.5,0.0,0.0,0.3,47.8,0.8,0.7,0.2,0.2,0.1,0.1,0,0.2727272727272727,3.4000000000000004
73,35.6,15.1,44.7,0.0,0.0,2.9,60.9,3.8,7.1,0.9,0.8,1.7,1.7,1,0.4241573033707865,27.7
82,32.8,9.0,49.3,0.6,33.1,1.9,74.3,1.1,4.6,3.0,1.7,0.6,1.7,1,0.27439024390243905,18.3
82,32.6,12.0,52.0,0.0,0.0,3.4,67.1,3.5,6.5,0.9,0.9,1.7,2.0,1,0.36809815950920244,23.499999999999996
80,29.7,10.1,47.0,0.2,23.2,2.4,82.3,2.4,3.6,1.9,0.9,0.4,1.3,1,0.3400673400673401,17.999999999999996
74,27.7,9.7,45.5,0.1,17.4,2.2,68.8,2.0,4.2,1.7,0.8,1.9,1.8,1,0.35018050541516244,18.499999999999996
82,26.5,5.9,35.2,1.1,35.5,0.6,73.1,0.3,2.3,4.9,1.0,0.0,1.4,1,0.22264150943396227,13.0
76,24.5,10.3,39.4,1.1,28.8,1.5,68.9,0.5,1.5,1.9,0.7,0.1,1.4,1,0.42040816326530617,13.6
78,21.3,5.1,43.2,0.0,25.0,0.9,67.3,0.8,1.9,1.4,0.7,0.3,0.7,1,0.23943661971830985,9.5
79,20.4,8.7,45.5,0.6,31.2,0.9,68.2,0.7,1.8,3.0,1.0,0.0,1.5,1,0.4264705882352941,13.6
62,17.8,7.0,42.7,0.3,30.8,0.8,72.7,2.0,3.5,0.8,0.4,0.3,0.9,0,0.3932584269662921,13.000000000000002
68,19.6,6.8,39.3,0.3,24.6,1.5,78.9,0.1,1.4,3.3,0.5,0.1,1.8,1,0.346938775510204,10.4
23,19.2,4.0,29.1,0.6,25.9,0.2,62.5,0.7,2.0,0.9,0.6,0.1,0.7,0,0.20833333333333334,7.6000000000000005
82,18.9,7.2,53.3,0.5,42.4,0.7,78.9,1.3,2.2,0.6,0.5,0.2,0.5,1,0.380952380952381,11.499999999999998
43,17.7,6.1,57.6,0.0,0.0,1.2,57.1,1.1,2.0,0.3,0.4,1.3,1.2,0,0.3446327683615819,10.000000000000002
80,17.3,5.9,44.2,0.0,23.1,1.5,69.5,1.1,1.9,1.1,0.9,0.2,0.9,1,0.34104046242774566,10.2
82,17.0,5.6,53.7,0.0,0.0,1.0,70.3,1.9,2.7,0.4,0.4,0.6,0.8,1,0.32941176470588235,10.799999999999999
77,16.4,6.4,47.5,0.2,38.7,1.5,73.7,1.1,1.8,0.8,1.0,0.3,1.0,1,0.39024390243902446,10.400000000000002
76,15.4,5.7,42.9,0.6,33.6,1.0,75.7,0.4,1.0,2.2,1.0,0.3,1.1,1,0.37012987012987014,9.4
46,15.3,4.6,41.2,0.0,0.0,1.0,64.0,1.4,2.4,0.9,0.5,0.4,1.4,0,0.3006535947712418,8.799999999999999
71,14.8,6.7,52.8,0.0,0.0,1.2,63.0,1.7,2.7,0.3,0.3,0.8,0.9,1,0.4527027027027027,11.600000000000003
25,14.2,3.7,36.2,0.7,30.4,0.3,77.8,0.3,1.2,0.7,0.6,0.0,0.4,0,0.2605633802816902,5.999999999999999
68,13.3,5.0,37.2,0.4,35.3,0.9,66.7,0.7,1.0,0.5,0.4,0.3,0.8,0,0.37593984962406013,7.2
62,13.0,3.5,42.9,0.0,33.3,0.8,70.1,0.3,1.0,1.7,0.6,0.1,0.9,1,0.2692307692307692,6.3999999999999995
67,13.0,4.1,40.4,0.0,33.3,0.7,43.6,1.1,1.9,0.6,0.4,0.3,0.8,1,0.3153846153846154,7.500000000000001
39,13.0,4.5,42.6,0.6,35.8,0.5,70.4,0.4,1.3,1.4,0.5,0.2,0.6,1,0.34615384615384615,7.699999999999999
38,12.7,3.1,36.3,0.4,26.9,0.4,73.7,0.3,0.8,1.8,0.5,0.0,0.7,0,0.2440944881889764,5.8
36,12.0,3.1,33.6,0.3,24.5,0.4,62.5,0.1,0.8,1.4,0.4,0.0,0.7,0,0.25833333333333336,5.1000000000000005
76,16.6,5.6,39.4,0.3,22.0,1.3,78.0,0.3,1.6,2.3,0.7,0.1,1.1,0,0.3373493975903614,9.5
38,11.4,3.3,38.9,0.2,27.3,0.9,68.8,0.5,0.9,1.0,0.6,0.1,0.7,0,0.28947368421052627,5.699999999999998
11,10.6,2.4,60.0,0.0,0.0,0.2,33.3,1.5,1.8,0.4,0.4,0.4,0.6,0,0.22641509433962265,6.400000000000001
45,10.1,2.9,38.5,0.1,20.0,0.8,65.5,0.6,0.6,0.5,0.4,0.1,0.5,1,0.2871287128712871,4.7
79,39.5,20.9,41.7,0.8,29.0,4.4,75.4,1.3,4.2,5.9,1.6,0.7,3.5,1,0.5291139240506328,31.1
82,36.5,21.0,42.6,0.8,32.2,5.0,77.7,2.2,3.8,2.8,1.2,0.5,3.0,1,0.5753424657534246,28.6
76,35.6,12.0,38.6,1.9,39.0,1.8,80.4,0.6,2.9,6.8,1.3,0.3,2.7,1,0.33707865168539325,21.1
61,34.9,16.2,46.5,0.3,30.2,3.8,74.7,1.4,2.7,4.5,1.4,0.6,3.2,1,0.46418338108882523,23.5
75,33.5,11.5,45.9,0.1,35.7,2.7,70.1,2.5,4.9,1.0,0.8,1.4,1.4,1,0.34328358208955223,20.7
70,29.2,9.6,40.0,0.6,30.5,1.1,78.6,1.0,2.8,1.5,1.0,0.2,1.6,1,0.3287671232876712,14.499999999999998
55,26.8,7.1,38.4,0.1,23.8,1.5,81.6,0.7,2.5,6.5,1.1,0.1,2.5,1,0.26492537313432835,15.500000000000004
73,24.5,6.8,40.3,0.9,35.8,0.9,63.1,1.5,2.9,1.3,0.6,0.1,1.0,1,0.27755102040816326,12.1
75,23.9,7.3,45.9,0.0,0.0,1.9,76.5,2.5,3.8,0.7,0.4,0.3,1.0,1,0.3054393305439331,14.0
67,23.7,8.6,43.0,0.3,30.3,1.4,70.3,2.2,3.3,1.4,1.0,0.8,1.0,1,0.3628691983122363,16.3
82,22.5,6.1,46.0,0.0,0.0,1.2,69.7,1.5,4.1,1.0,0.3,0.9,1.9,1,0.2711111111111111,12.0
37,15.5,4.2,35.9,0.4,30.2,0.8,71.8,0.2,1.1,2.9,0.8,0.1,0.9,0,0.2709677419354839,8.4
38,19.1,4.5,45.7,0.1,15.4,1.1,70.5,1.4,2.6,1.3,0.7,0.1,1.2,1,0.23560209424083767,9.4
47,19.0,6.2,39.4,0.1,44.4,1.4,62.9,1.2,2.4,1.2,0.7,0.4,1.1,1,0.3263157894736842,11.0
75,18.6,5.9,38.6,1.0,37.1,0.7,82.1,0.2,1.3,2.8,0.8,0.1,1.7,1,0.3172043010752688,9.500000000000002
56,18.6,8.5,49.4,0.2,30.6,1.1,76.9,1.2,1.4,2.1,0.9,0.2,0.8,1,0.45698924731182794,13.499999999999998
41,17.9,4.2,35.5,0.2,21.2,0.5,59.5,1.4,3.0,0.7,0.9,0.8,0.9,1,0.23463687150837992,10.2
81,17.1,5.9,40.0,0.3,31.4,1.2,75.6,0.4,1.3,2.2,1.1,0.2,1.5,1,0.34502923976608185,9.499999999999998
69,16.1,5.5,41.4,0.4,33.8,0.9,82.3,0.5,1.1,2.4,0.8,0.1,1.2,1,0.3416149068322981,9.200000000000001
53,14.5,6.9,40.1,0.4,31.1,1.1,72.8,0.3,0.9,1.0,0.5,0.1,1.1,1,0.47586206896551725,8.6
24,15.1,4.7,40.4,0.5,38.2,0.5,47.8,1.0,1.8,0.4,1.2,0.5,0.6,0,0.3112582781456954,9.0
57,13.5,5.0,38.0,0.2,25.6,0.8,78.6,0.4,0.9,1.3,0.5,0.0,0.9,1,0.37037037037037035,7.199999999999999
71,13.1,3.8,47.4,0.0,0.0,0.8,71.3,1.6,2.5,0.8,0.4,0.4,0.7,1,0.2900763358778626,8.900000000000002
35,12.6,4.4,47.5,0.0,0.0,0.6,75.0,0.9,2.0,0.6,0.5,0.5,0.5,1,0.34920634920634924,8.4
41,12.4,3.0,35.4,0.2,30.0,0.5,81.5,0.7,1.0,0.5,0.2,0.2,0.4,0,0.24193548387096772,5.2
74,11.9,4.5,35.2,1.1,39.1,0.3,79.2,0.4,1.1,0.5,0.3,0.1,0.6,1,0.37815126050420167,6.3
49,14.8,5.6,42.4,0.7,40.4,0.9,81.1,0.3,1.9,1.0,0.6,0.2,0.7,0,0.37837837837837834,8.999999999999998
36,11.3,3.5,45.7,0.0,0.0,0.5,44.2,1.4,1.9,0.5,0.4,0.0,0.6,0,0.30973451327433627,7.1000000000000005
41,10.4,3.5,40.3,0.5,47.7,0.5,83.3,0.5,0.9,0.3,0.3,0.1,0.5,1,0.3365384615384615,4.999999999999999
72,10.1,2.4,42.5,0.2,33.3,0.4,70.5,0.5,1.2,1.6,0.4,0.1,0.6,1,0.2376237623762376,5.700000000000001
38,9.6,1.8,29.1,0.1,30.0,0.4,64.0,0.2,0.8,1.1,0.3,0.1,0.5,0,0.1875,3.8
54,8.7,3.4,45.3,0.6,37.0,0.4,88.5,0.2,0.8,0.4,0.3,0.1,0.1,0,0.39080459770114945,5.1000000000000005
16,4.4,1.2,43.8,0.1,33.3,0.3,66.7,0.1,0.3,0.1,0.1,0.0,0.4,1,0.2727272727272727,1.4000000000000004
78,36.6,15.4,41.6,0.4,31.8,4.0,82.4,1.7,3.4,2.7,1.8,0.4,2.5,1,0.42076502732240434,22.9
55,14.8,6.0,50.4,0.3,38.3,1.3,75.0,0.3,1.5,1.1,0.4,0.1,1.0,0,0.4054054054054054,8.3
82,31.3,13.5,47.2,0.0,20.0,3.9,66.1,3.0,5.7,1.0,0.8,1.1,2.3,1,0.43130990415335463,22.900000000000002
47,29.5,13.4,36.9,1.2,31.6,2.7,80.0,0.4,1.3,2.8,0.8,0.1,1.8,0,0.4542372881355932,17.0
70,26.8,12.5,45.7,0.2,29.2,2.2,71.2,2.3,4.2,1.2,0.8,0.5,2.1,1,0.4664179104477612,19.4
75,26.1,9.5,39.9,0.9,32.2,1.4,64.0,0.4,2.2,4.7,1.1,0.2,2.3,0,0.3639846743295019,15.8
81,25.3,10.0,53.6,0.0,0.0,1.8,77.1,2.5,5.0,1.3,0.7,0.6,1.3,1,0.3952569169960474,18.8
49,20.8,8.9,52.9,0.0,14.3,1.6,52.1,2.2,3.5,0.8,0.5,1.1,1.7,1,0.42788461538461536,15.300000000000004
82,24.4,5.1,36.2,0.1,25.0,0.9,65.2,0.5,2.5,3.4,1.0,0.2,1.9,0,0.20901639344262296,10.799999999999999
64,23.5,8.3,36.9,1.6,35.3,1.3,76.6,0.3,2.0,2.6,0.6,0.1,0.9,0,0.35319148936170214,13.0
33,22.8,5.2,40.5,0.9,32.3,0.6,76.0,0.7,2.2,1.0,0.6,0.3,0.7,0,0.22807017543859648,9.200000000000001
70,14.3,3.1,30.5,0.6,29.3,0.2,80.0,0.2,1.1,0.6,0.4,0.2,0.4,0,0.21678321678321677,5.2
59,23.4,6.9,39.3,0.4,26.9,0.8,79.0,0.6,2.1,2.2,1.0,0.6,1.4,0,0.2948717948717949,12.0
72,21.0,7.5,36.2,0.7,29.2,1.1,73.1,0.4,2.2,1.3,0.3,0.6,1.1,1,0.35714285714285715,11.200000000000001
67,20.4,3.2,47.1,0.0,0.0,1.2,51.9,2.5,4.1,0.5,0.6,0.2,0.8,1,0.15686274509803924,10.299999999999999
66,16.7,6.2,40.2,0.6,32.2,1.5,83.1,0.4,1.4,2.5,0.7,0.2,2.0,1,0.37125748502994016,9.399999999999999
75,16.6,6.4,42.2,0.2,22.2,0.9,78.4,1.1,2.3,0.7,0.6,0.2,0.9,0,0.38554216867469876,10.399999999999999
82,15.9,5.7,40.3,0.6,34.7,1.0,78.0,0.8,1.8,1.3,0.7,0.2,1.1,1,0.3584905660377358,9.4
82,15.9,5.7,40.3,0.6,34.7,1.0,78.0,0.8,1.8,1.3,0.7,0.2,1.1,1,0.3584905660377358,9.4
27,14.1,5.7,46.6,0.0,0.0,1.7,72.6,1.4,1.7,0.6,0.3,0.3,0.7,0,0.4042553191489362,9.400000000000002
72,15.9,5.1,37.3,0.7,31.5,1.0,68.6,0.4,0.8,1.0,0.5,0.1,0.8,0,0.32075471698113206,7.1
42,15.4,6.4,38.4,0.6,29.8,0.9,80.4,0.3,1.4,1.0,0.6,0.1,1.0,1,0.4155844155844156,8.799999999999999
52,15.4,4.5,49.5,0.0,0.0,1.0,70.3,1.2,2.1,0.3,0.2,0.6,1.0,1,0.2922077922077922,7.899999999999999
46,15.0,3.2,33.8,0.2,28.6,0.8,78.7,0.4,1.1,2.0,0.6,0.1,0.6,1,0.21333333333333335,6.8
35,13.9,4.8,43.4,0.0,0.0,1.6,69.5,0.7,1.6,0.9,0.2,0.1,0.7,0,0.3453237410071942,7.699999999999998
51,13.1,3.9,38.7,0.4,33.3,0.6,67.4,0.3,0.8,0.4,0.4,0.3,0.9,0,0.29770992366412213,5.3
55,12.4,4.8,46.6,0.0,0.0,1.3,68.0,1.2,1.8,0.3,0.2,0.4,0.8,0,0.3870967741935484,7.8999999999999995
58,11.8,2.3,38.5,0.2,41.7,0.2,50.0,0.3,1.1,0.8,0.5,0.1,0.5,0,0.19491525423728812,4.499999999999999
51,13.8,5.6,51.4,0.2,18.2,1.0,68.9,1.2,1.4,0.6,0.4,0.8,0.6,0,0.40579710144927533,9.4
76,11.5,3.0,39.3,0.3,27.9,0.2,69.6,0.3,0.9,0.9,0.1,0.1,0.8,1,0.2608695652173913,4.5
39,11.3,4.1,43.1,0.1,25.0,0.7,68.4,0.5,0.8,0.2,0.2,0.5,0.5,0,0.3628318584070796,5.9
46,10.4,3.7,52.1,0.0,0.0,0.5,50.0,0.7,1.6,0.5,0.1,0.3,0.6,1,0.3557692307692308,6.3
50,10.3,3.7,41.2,0.4,36.1,0.4,80.8,0.2,0.7,1.7,0.3,0.0,1.1,1,0.3592233009708738,5.5
42,10.4,3.3,44.9,0.5,42.6,0.3,64.7,0.1,1.0,0.6,0.2,0.3,0.5,1,0.3173076923076923,5.0
48,9.3,1.9,29.2,0.0,0.0,0.5,59.0,0.7,1.4,0.2,0.2,0.4,0.5,0,0.2043010752688172,4.300000000000001
64,7.9,2.1,41.4,0.2,32.3,0.4,74.3,0.3,0.7,0.7,0.3,0.1,0.5,1,0.26582278481012656,3.5999999999999996
36,7.6,2.6,37.9,0.2,28.0,0.2,70.0,0.2,0.6,0.4,0.4,0.1,0.6,0,0.34210526315789475,3.7999999999999994
53,6.3,2.4,50.0,0.1,33.3,0.1,35.0,0.3,0.7,0.2,0.3,0.0,0.4,0,0.38095238095238093,3.5
57,12.2,5.0,41.0,0.6,32.4,0.3,79.2,0.2,1.3,1.9,0.6,0.1,0.8,0,0.4098360655737705,8.299999999999999
19,5.8,1.6,29.7,0.3,35.7,0.2,75.0,0.1,0.4,0.6,0.1,0.1,0.1,0,0.27586206896551724,2.7
78,39.7,14.4,42.9,1.3,37.3,2.5,70.0,2.3,3.1,2.8,1.6,1.0,2.0,1,0.36272040302267,23.200000000000003
80,32.9,14.4,42.6,1.0,33.3,1.8,67.1,1.6,2.7,3.0,1.3,0.4,2.0,1,0.4376899696048632,21.4
80,30.5,9.4,38.0,0.5,24.0,1.6,70.4,1.0,2.8,8.1,1.7,0.5,3.4,1,0.3081967213114754,20.000000000000004
77,29.4,9.2,41.9,0.8,32.3,1.4,67.5,0.4,2.1,4.3,1.2,0.1,2.0,1,0.3129251700680272,15.399999999999999
78,28.7,8.7,42.5,0.8,36.4,1.1,76.3,0.8,2.4,2.2,0.7,0.6,1.3,1,0.30313588850174217,14.199999999999998
55,11.8,3.8,40.6,0.4,26.5,0.8,80.0,0.3,2.1,0.5,0.3,0.5,0.4,0,0.3220338983050847,7.099999999999999
73,26.0,8.8,36.6,1.2,33.0,0.9,74.4,1.6,4.1,0.7,0.2,1.8,0.6,1,0.3384615384615385,16.599999999999998
77,24.9,7.5,43.0,0.5,29.2,0.5,77.4,1.0,2.4,2.3,0.8,0.3,0.9,1,0.30120481927710846,13.300000000000002
47,24.6,10.9,45.3,0.8,34.5,2.6,77.5,0.9,1.9,3.7,1.5,0.2,2.1,1,0.4430894308943089,16.999999999999996
79,24.3,9.4,45.7,0.2,23.2,2.4,71.3,1.1,2.6,1.8,0.8,0.6,1.4,1,0.3868312757201646,14.900000000000004
67,22.8,7.2,40.0,0.1,12.1,1.7,83.8,0.7,1.7,3.0,1.4,0.1,1.4,1,0.3157894736842105,12.7
70,20.6,6.4,46.1,0.0,0.0,1.9,74.0,2.0,2.3,0.8,0.4,0.3,0.8,1,0.3106796116504854,11.300000000000002
62,20.4,5.1,49.3,0.0,0.0,1.6,60.6,2.3,2.9,0.5,0.3,1.5,0.8,1,0.25,11.8
71,19.6,6.1,49.7,0.0,0.0,1.9,60.4,1.6,3.2,0.8,0.4,1.3,1.4,1,0.3112244897959183,12.0
77,18.3,4.5,42.1,0.0,50.0,1.5,70.1,1.7,2.2,1.1,0.4,0.6,0.9,1,0.2459016393442623,9.6
82,17.7,5.9,42.1,0.0,33.3,1.5,77.6,1.2,2.7,0.9,0.4,0.3,1.0,1,0.33333333333333337,10.400000000000002
68,16.3,3.8,38.4,0.2,19.2,0.3,64.3,1.1,2.0,0.9,0.3,0.4,0.7,0,0.2331288343558282,7.800000000000002
72,16.0,6.7,50.1,0.0,0.0,1.5,65.6,1.5,2.2,0.3,0.2,0.7,1.0,1,0.41875,10.7
36,15.6,5.3,36.7,0.2,25.9,1.0,78.3,0.5,1.0,3.0,0.9,0.0,1.5,0,0.33974358974358976,9.1
64,15.1,3.6,45.3,0.3,36.4,0.4,63.9,0.5,0.8,2.0,0.9,0.1,0.8,1,0.2384105960264901,7.1000000000000005
57,14.3,4.5,38.7,0.0,0.0,1.2,70.7,1.1,2.4,0.8,0.3,0.5,0.8,1,0.3146853146853147,8.8
62,14.1,5.2,34.1,0.7,28.4,0.8,67.1,0.2,0.9,1.5,0.6,0.1,1.0,0,0.3687943262411348,7.5
35,11.3,2.4,35.0,0.3,24.5,0.5,72.7,0.1,1.3,1.1,0.3,0.1,0.7,0,0.21238938053097342,4.6
47,13.1,4.3,53.6,0.0,0.0,0.9,55.4,1.2,2.7,0.1,0.4,0.7,0.6,1,0.3282442748091603,8.799999999999999
40,10.1,3.1,42.6,0.1,33.3,0.5,75.0,0.3,0.8,1.8,0.5,0.1,1.0,0,0.3069306930693069,5.6
53,9.7,3.6,45.6,0.0,0.0,1.0,58.5,0.8,1.1,0.1,0.1,0.8,0.3,1,0.3711340206185567,6.1
60,8.6,1.8,34.4,0.0,0.0,0.7,73.3,0.8,1.3,0.4,0.3,0.6,0.6,1,0.20930232558139536,4.5
53,8.5,3.1,51.7,0.0,0.0,0.8,73.7,0.6,1.4,0.1,0.1,0.1,0.6,0,0.3647058823529412,4.799999999999999
54,8.0,3.2,42.9,0.0,0.0,0.4,50.0,0.9,0.7,0.5,0.3,0.1,0.4,1,0.4,5.3
21,7.4,3.8,38.2,0.7,38.5,0.6,92.3,0.1,0.4,1.2,0.2,0.0,0.5,0,0.5135135135135135,5.2
41,5.8,2.8,44.9,0.0,0.0,0.4,66.7,0.8,0.9,0.3,0.2,0.1,0.4,1,0.48275862068965514,4.699999999999999
35,5.6,1.8,31.8,0.1,29.4,0.1,50.0,0.3,0.2,0.2,0.2,0.0,0.2,0,0.32142857142857145,2.5
39,10.9,4.7,57.1,0.0,0.0,0.8,54.5,1.3,1.9,0.3,0.1,0.8,0.4,0,0.43119266055045874,8.600000000000001
68,33.4,12.0,44.5,0.0,9.1,1.8,63.0,2.0,5.4,1.9,1.1,1.7,2.0,1,0.3592814371257485,22.099999999999998
48,29.4,13.2,46.7,0.1,21.7,3.2,80.2,2.5,5.0,1.2,0.7,0.6,1.9,1,0.4489795918367347,21.3
82,29.1,11.9,43.6,1.8,40.7,1.1,71.1,0.8,3.2,1.7,0.6,0.2,1.2,1,0.40893470790378006,17.200000000000003
81,26.3,9.4,50.5,0.0,5.3,1.5,52.1,1.6,4.3,1.2,0.6,1.5,1.8,1,0.3574144486692015,16.8
80,22.6,9.3,43.1,0.8,38.2,1.3,71.7,1.4,1.8,1.3,0.8,0.3,1.0,1,0.4115044247787611,13.900000000000002
51,22.5,8.6,38.9,0.0,0.0,1.8,66.7,1.7,2.0,1.2,0.9,0.1,1.2,0,0.3822222222222222,13.3
72,21.9,9.5,43.0,0.1,25.6,1.6,72.7,1.1,3.3,1.1,0.4,0.3,1.7,1,0.4337899543378996,13.900000000000002
77,21.6,8.2,42.5,0.7,33.5,1.3,71.9,0.5,2.2,1.8,1.1,0.2,1.7,1,0.3796296296296296,12.299999999999999
65,21.3,9.5,41.7,0.3,37.0,1.9,82.0,0.6,1.6,1.0,0.7,0.1,1.1,0,0.4460093896713615,12.399999999999999
59,19.8,7.6,44.2,0.0,0.0,1.7,79.4,1.8,2.9,0.3,0.3,0.9,1.4,1,0.3838383838383838,12.400000000000002
63,10.7,3.7,42.7,0.4,31.6,0.5,63.3,0.4,1.7,0.2,0.3,0.1,0.5,0,0.3457943925233645,5.9
78,19.5,5.9,43.1,0.2,26.9,0.9,73.6,0.9,2.3,0.8,0.5,0.3,0.7,1,0.3025641025641026,10.000000000000004
50,18.7,6.3,37.0,0.6,33.3,1.1,77.8,0.4,1.2,2.9,1.0,0.0,1.1,0,0.33689839572192515,10.700000000000001
76,17.9,8.1,44.2,0.7,33.1,1.3,62.7,1.4,2.0,0.8,0.6,0.1,0.8,1,0.45251396648044695,12.2
64,17.2,3.9,50.5,0.0,0.0,0.7,69.7,1.5,2.1,0.5,0.6,1.2,1.0,1,0.22674418604651164,8.799999999999999
61,17.2,4.6,35.2,0.7,35.0,0.4,79.4,0.1,1.3,2.3,0.7,0.2,1.4,1,0.26744186046511625,7.899999999999997
78,16.8,5.1,37.4,0.5,32.3,0.8,73.6,0.7,1.6,0.8,0.6,0.4,1.2,1,0.30357142857142855,7.999999999999999
80,16.4,4.9,45.1,0.0,0.0,1.1,60.3,1.4,2.2,0.4,0.8,1.0,0.8,1,0.2987804878048781,9.9
76,16.3,5.9,40.9,0.4,35.0,1.6,69.8,0.1,1.1,2.3,0.5,0.1,1.2,1,0.3619631901840491,8.8
78,16.3,5.4,40.0,0.1,29.4,1.2,70.8,0.3,1.4,2.7,0.6,0.0,1.8,1,0.33128834355828224,8.6
53,16.1,5.0,41.4,1.0,39.6,0.5,90.3,0.2,1.0,1.3,0.4,0.0,0.6,0,0.3105590062111801,7.300000000000001
42,11.2,3.9,48.5,0.0,0.0,0.8,74.4,0.7,1.5,0.6,0.2,0.1,0.6,1,0.34821428571428575,6.3999999999999995
50,11.0,5.0,42.1,0.4,34.5,0.5,68.6,0.1,0.7,1.0,0.3,0.0,0.7,1,0.45454545454545453,6.3999999999999995
55,10.8,4.8,50.5,0.0,16.7,0.8,72.4,0.7,0.7,0.7,0.5,0.1,0.8,0,0.4444444444444444,6.699999999999999
54,10.8,3.1,47.8,0.0,0.0,0.8,68.9,0.6,1.2,0.2,0.3,0.4,0.9,0,0.28703703703703703,5.0
25,22.6,6.7,41.3,0.5,28.3,0.9,76.7,0.2,2.0,3.0,0.7,0.5,2.2,0,0.29646017699115046,10.899999999999999
38,10.1,4.0,39.7,0.5,38.0,0.8,72.5,0.1,1.1,0.7,0.2,0.0,0.5,0,0.39603960396039606,5.6000000000000005
70,9.2,2.0,48.7,0.0,100.0,0.4,70.3,1.1,1.1,0.3,0.1,0.1,0.4,1,0.2173913043478261,4.299999999999999
40,7.3,2.2,34.1,0.0,8.3,0.7,68.4,0.2,0.5,0.5,0.3,0.1,0.7,1,0.30136986301369867,3.1000000000000005
81,37.0,20.1,48.2,0.0,0.0,4.5,68.5,4.3,5.7,1.9,0.8,1.6,2.8,1,0.5432432432432432,31.599999999999998
76,36.4,16.6,43.8,0.8,36.0,4.0,71.9,2.1,5.7,4.2,1.2,1.3,3.4,1,0.4560439560439561,27.700000000000003
77,36.1,18.0,44.5,1.4,34.5,3.7,78.6,2.0,3.3,6.6,1.5,0.4,4.0,1,0.4986149584487534,27.799999999999997
72,31.1,12.0,40.7,0.8,31.4,2.6,67.4,0.9,3.4,2.8,1.6,0.5,2.3,1,0.3858520900321543,18.900000000000002
73,29.7,11.6,51.1,0.4,35.9,1.8,82.6,1.2,2.5,2.8,0.8,0.3,1.1,0,0.39057239057239057,18.1
72,26.8,6.7,42.4,0.2,28.1,1.7,75.3,1.8,3.4,2.5,1.6,0.2,1.3,1,0.25,14.899999999999999
82,25.5,11.1,44.9,0.1,20.4,2.8,77.4,1.0,2.4,5.8,1.0,0.2,2.0,1,0.43529411764705883,19.5
81,25.3,8.2,42.9,1.0,37.3,1.5,80.0,1.0,2.9,1.8,1.2,0.4,1.2,1,0.32411067193675885,14.3
72,25.0,8.3,39.9,0.4,26.2,1.9,66.0,2.0,4.0,1.6,0.8,0.3,1.6,1,0.332,15.500000000000002
51,24.7,10.2,47.1,0.1,18.2,1.4,84.7,2.1,4.5,1.4,0.8,1.0,1.0,1,0.4129554655870445,18.9
75,23.9,9.4,40.5,0.7,32.5,1.7,75.1,0.8,1.7,3.3,1.2,0.2,1.8,0,0.39330543933054396,14.799999999999997
79,23.5,6.3,39.5,0.0,13.0,1.2,75.0,0.6,1.9,4.8,1.2,0.1,2.2,1,0.2680851063829787,12.7
81,23.3,8.1,41.5,0.6,29.3,1.4,80.7,0.3,1.8,4.3,1.1,0.1,1.9,1,0.34763948497854075,13.699999999999998
82,19.8,9.5,42.4,0.7,35.0,1.2,72.9,0.2,1.3,3.7,0.6,0.0,1.7,1,0.4797979797979798,13.6
71,19.3,9.0,42.0,0.4,36.4,1.5,77.4,0.5,1.3,1.5,0.4,0.1,1.2,1,0.46632124352331605,11.600000000000001
48,19.2,5.7,47.6,0.2,38.5,0.9,68.3,1.2,2.5,1.1,0.8,0.4,0.8,1,0.296875,10.8
45,32.4,11.8,39.9,1.4,35.2,1.4,80.8,0.8,3.4,3.3,1.2,0.3,1.4,0,0.3641975308641976,19.400000000000002
82,18.6,5.9,42.0,0.3,22.5,1.2,63.4,0.6,1.4,3.8,1.2,0.2,1.7,1,0.3172043010752688,11.399999999999999
77,17.8,8.4,47.8,0.0,18.2,2.5,75.1,1.6,2.3,0.8,0.3,0.3,1.8,1,0.47191011235955055,11.900000000000002
67,16.6,7.0,54.9,0.0,0.0,0.7,73.4,0.8,1.9,0.5,0.7,0.4,0.6,1,0.4216867469879518,10.7
71,13.7,2.2,42.0,0.0,0.0,0.6,48.9,1.6,1.9,0.6,0.4,0.4,0.8,1,0.16058394160583944,6.300000000000001
45,13.3,3.1,36.3,0.5,35.8,0.6,67.5,0.3,0.9,2.5,0.3,0.0,0.9,0,0.23308270676691728,6.199999999999999
74,12.1,3.8,37.2,0.3,36.5,0.5,73.1,0.6,0.9,0.5,0.3,0.2,0.6,0,0.3140495867768595,5.7
52,11.3,2.5,39.3,0.0,11.1,0.7,71.7,1.4,0.8,0.4,0.8,0.3,0.3,1,0.22123893805309733,5.9
46,9.2,2.7,42.6,0.0,0.0,0.5,63.2,0.5,1.4,0.3,0.3,0.2,0.5,0,0.29347826086956524,4.8
47,9.2,2.6,31.4,0.3,29.5,0.4,70.4,0.5,1.4,0.5,0.3,0.2,0.5,1,0.28260869565217395,5.0
75,30.8,9.9,46.2,0.0,0.0,1.9,60.9,2.5,5.7,1.7,1.8,1.9,1.9,0,0.32142857142857145,21.5
40,8.9,2.2,39.8,0.0,0.0,0.5,46.3,0.8,1.2,0.2,0.1,0.9,0.3,0,0.24719101123595508,5.1000000000000005
59,8.2,2.6,30.9,0.3,28.6,0.4,66.7,0.1,0.5,1.5,0.2,0.0,0.7,0,0.3170731707317074,4.3
53,7.4,2.0,43.9,0.0,0.0,0.4,59.5,0.3,0.6,0.9,0.4,0.0,0.8,1,0.27027027027027023,3.5
49,7.0,3.2,38.9,0.3,34.0,0.6,65.9,0.6,0.9,0.2,0.2,0.1,0.4,1,0.4571428571428572,4.8
22,6.0,1.5,40.6,0.0,0.0,0.4,66.7,0.5,1.0,0.0,0.2,0.1,0.5,0,0.25,2.8000000000000003
50,36.1,12.8,37.4,2.0,31.0,1.6,75.2,0.3,2.8,6.0,1.9,0.0,2.9,1,0.3545706371191136,20.9
50,35.2,18.3,45.0,0.4,28.8,4.1,76.1,1.9,3.8,3.0,1.1,1.5,2.2,1,0.5198863636363636,27.400000000000002
50,35.2,13.2,43.0,0.3,20.3,2.5,75.1,0.6,2.1,6.5,1.6,0.1,2.9,1,0.37499999999999994,21.200000000000003
48,34.0,16.5,43.9,1.8,41.2,2.9,71.3,2.4,4.0,2.4,1.7,1.0,2.4,1,0.4852941176470588,25.599999999999998
82,30.4,8.9,42.5,0.1,26.2,1.4,55.1,1.3,3.0,6.5,1.7,0.2,2.5,0,0.2927631578947369,19.099999999999998
50,31.2,10.9,46.5,1.4,43.3,0.9,63.9,0.5,1.1,1.9,0.5,0.2,1.3,1,0.3493589743589744,13.899999999999999
28,30.4,6.3,50.0,0.0,0.0,1.5,71.7,4.0,6.3,0.9,0.9,0.6,1.2,1,0.20723684210526316,17.8
41,15.2,3.7,35.7,0.1,35.7,0.8,50.7,2.0,3.2,0.6,0.4,0.3,0.8,1,0.24342105263157898,9.4
49,29.7,9.9,42.5,1.1,35.8,1.8,81.8,0.4,1.8,2.5,0.9,0.5,1.6,1,0.33333333333333337,14.500000000000002
50,25.8,10.1,44.9,0.7,36.5,2.1,78.2,1.1,2.4,1.6,1.5,0.4,1.1,0,0.39147286821705424,15.999999999999998
47,22.5,9.6,45.2,0.1,30.0,1.9,58.8,2.8,3.6,0.7,0.8,0.3,1.4,1,0.42666666666666664,16.400000000000002
50,22.3,8.2,46.3,0.2,40.0,2.0,71.3,1.8,2.5,0.9,0.6,0.1,1.5,1,0.3677130044843049,12.6
25,29.5,12.3,49.0,0.2,25.0,1.8,69.7,2.0,3.5,1.7,1.2,0.2,1.9,0,0.4169491525423729,19.0
50,19.8,9.1,41.1,0.2,15.4,2.1,70.9,1.7,2.1,1.5,0.9,0.3,1.4,1,0.45959595959595956,14.2
49,16.0,5.3,53.7,0.0,0.0,0.9,53.8,1.6,2.1,0.8,0.9,0.9,0.9,1,0.33125,10.700000000000001
49,15.9,6.2,46.8,0.0,0.0,1.1,67.5,1.3,1.7,0.4,0.4,0.3,0.5,1,0.389937106918239,9.8
42,14.9,4.1,32.9,0.1,16.7,0.6,75.0,0.2,1.0,1.6,0.5,0.2,1.1,0,0.2751677852348993,6.5
28,14.6,3.3,45.0,0.0,0.0,0.8,56.8,1.3,2.1,0.4,0.4,1.1,0.8,1,0.22602739726027396,7.8
24,14.3,5.2,36.1,1.0,40.3,0.6,82.4,0.3,1.6,1.8,0.5,0.0,0.7,1,0.36363636363636365,8.600000000000001
39,13.8,5.6,50.0,0.2,38.9,1.0,71.4,0.7,1.3,0.5,0.2,0.1,0.5,1,0.40579710144927533,7.799999999999999
67,27.0,7.8,36.7,1.4,33.5,1.2,64.6,0.9,2.4,3.1,1.5,0.3,1.3,0,0.28888888888888886,14.7
34,13.0,3.5,36.4,0.5,32.7,0.2,100.0,0.1,0.9,1.5,0.3,0.1,0.9,1,0.2692307692307692,5.3999999999999995
26,12.7,5.1,73.7,0.0,0.0,0.8,50.0,1.0,2.0,0.2,0.4,0.8,0.4,1,0.4015748031496063,9.1
38,12.3,6.3,56.5,0.0,50.0,2.1,79.4,0.9,2.2,0.6,0.2,0.5,0.8,1,0.5121951219512195,9.899999999999999
46,12.1,4.5,40.5,0.0,16.7,1.0,76.3,0.9,1.0,1.3,0.7,0.1,1.2,1,0.37190082644628103,7.199999999999998
30,11.0,3.2,36.5,0.1,40.0,0.8,55.6,0.7,0.9,0.7,0.3,0.1,0.6,0,0.29090909090909095,5.300000000000001
31,10.3,3.8,37.6,0.1,21.4,0.9,67.5,0.5,0.8,0.3,0.3,0.3,0.7,0,0.3689320388349514,5.299999999999999
34,10.2,4.8,38.0,0.0,10.0,1.1,82.2,0.4,1.1,0.4,0.1,0.0,0.7,0,0.47058823529411764,6.1
22,10.0,3.0,38.0,0.1,16.7,0.1,66.7,0.3,0.5,1.5,0.3,0.0,0.9,1,0.3,4.699999999999999
27,9.2,2.9,39.5,0.0,20.0,0.3,69.2,0.9,1.1,0.5,0.3,0.1,0.4,0,0.31521739130434784,5.3999999999999995
24,8.5,2.1,29.4,0.3,26.1,0.6,75.0,0.1,0.8,0.8,0.2,0.0,0.5,0,0.24705882352941178,3.5
59,25.0,11.9,44.8,0.6,31.4,2.2,82.9,0.9,2.3,3.5,0.9,0.2,1.6,0,0.47600000000000003,18.099999999999998
35,8.1,3.3,44.3,0.0,0.0,0.8,77.8,0.9,1.0,0.4,0.5,0.2,0.6,0,0.4074074074074074,5.7
33,7.2,2.4,37.1,0.1,30.0,0.3,78.6,0.2,0.5,0.9,0.1,0.0,0.7,0,0.3333333333333333,3.3999999999999995
24,6.0,2.7,41.2,0.0,16.7,0.9,71.0,0.7,0.5,0.1,0.2,0.1,0.5,1,0.45,3.8999999999999995
26,4.7,1.6,35.7,0.0,0.0,0.5,57.1,0.7,0.7,0.1,0.2,0.1,0.5,1,0.3404255319148936,2.9000000000000004
62,37.5,19.7,42.6,1.1,30.8,4.2,84.6,2.3,4.3,1.7,1.0,0.4,2.6,1,0.5253333333333333,26.799999999999994
80,33.3,15.3,45.0,0.0,10.7,2.4,83.9,1.4,2.1,2.2,1.6,0.2,1.6,1,0.45945945945945954,21.2
80,31.0,9.0,44.1,0.0,0.0,2.5,80.1,0.8,2.3,8.2,2.5,0.2,2.4,1,0.2903225806451613,20.7
82,30.8,10.1,48.0,0.0,0.0,1.7,71.6,0.9,3.1,2.0,1.2,0.6,2.0,1,0.3279220779220779,15.900000000000002
82,30.8,10.1,48.0,0.0,0.0,1.7,71.6,0.9,3.1,2.0,1.2,0.6,2.0,0,0.3279220779220779,15.900000000000002
68,30.0,11.6,39.2,0.3,25.9,2.2,81.4,1.1,3.3,4.7,1.5,0.2,2.7,1,0.38666666666666666,19.7
77,24.7,10.1,42.2,0.7,34.1,1.9,84.2,0.4,2.4,3.6,0.7,0.1,2.5,0,0.4089068825910931,14.8
77,29.4,7.5,37.1,0.5,32.8,1.0,72.7,0.7,1.6,4.3,0.8,0.1,1.6,1,0.25510204081632654,13.3
66,27.9,11.7,40.8,0.3,20.2,4.2,87.3,0.8,2.0,3.4,1.3,0.2,1.9,1,0.41935483870967744,17.5
80,27.7,11.2,37.4,1.3,32.9,2.8,85.0,0.8,1.6,3.9,1.3,0.1,2.2,1,0.4043321299638989,16.700000000000003
74,26.4,7.8,41.6,0.1,21.2,1.5,65.9,0.3,1.6,4.5,0.7,0.1,2.2,1,0.29545454545454547,12.799999999999997
66,23.3,7.7,40.4,0.7,32.1,1.0,78.3,0.7,1.2,1.2,0.8,0.4,1.1,0,0.33047210300429186,10.9
65,23.2,8.4,44.6,0.0,21.4,1.1,70.2,2.1,3.3,0.9,0.8,1.1,1.5,1,0.3620689655172414,15.100000000000001
77,23.1,11.0,44.7,0.8,36.3,2.2,74.0,1.4,2.4,1.2,0.7,0.2,1.5,1,0.47619047619047616,15.299999999999997
80,22.6,10.2,45.2,0.0,33.3,3.3,77.6,2.3,3.3,1.0,0.6,0.4,2.0,1,0.4513274336283185,15.799999999999997
71,21.3,11.5,47.6,0.0,0.0,2.4,70.9,1.7,2.5,0.7,0.5,0.6,1.5,1,0.539906103286385,16.0
52,21.0,9.5,49.0,0.0,14.3,2.1,67.9,1.5,3.0,1.2,0.4,0.3,1.2,1,0.4523809523809524,14.700000000000001
54,19.8,6.0,44.3,0.2,32.1,1.2,72.2,0.4,1.1,1.9,0.7,0.1,1.1,1,0.30303030303030304,9.1
58,18.4,5.8,36.7,0.0,25.0,1.9,61.7,0.5,0.7,1.9,1.1,0.2,1.7,0,0.31521739130434784,8.5
64,18.4,7.0,45.0,0.2,34.1,1.2,71.2,1.6,2.6,1.5,0.8,0.9,1.0,1,0.3804347826086957,13.4
38,16.4,4.3,34.8,0.6,36.1,1.1,67.7,0.4,1.1,2.6,0.7,0.1,1.4,1,0.2621951219512195,7.799999999999999
38,13.9,6.4,40.7,0.8,37.7,0.9,62.1,0.7,1.7,0.9,0.5,0.2,1.3,0,0.460431654676259,9.1
74,13.6,3.8,42.8,0.0,0.0,1.2,68.8,1.2,2.2,0.3,0.4,1.3,0.6,1,0.27941176470588236,8.6
34,21.1,6.4,43.9,1.0,39.8,0.1,57.1,0.5,3.1,1.3,0.6,0.5,1.1,0,0.3033175355450237,11.3
32,23.1,6.7,41.4,0.0,11.1,0.9,65.2,1.5,3.6,0.9,0.6,0.3,1.4,0,0.29004329004329005,12.200000000000001
58,12.8,4.0,44.9,0.0,0.0,0.8,59.7,1.1,1.8,0.3,0.2,1.4,0.7,0,0.3125,8.100000000000001
35,12.3,3.5,37.8,0.0,0.0,1.4,70.0,0.3,0.9,1.9,0.4,0.0,1.3,1,0.2845528455284553,5.6000000000000005
39,10.1,3.3,41.4,0.0,16.7,0.8,72.1,0.6,1.2,0.9,0.4,0.1,0.8,0,0.32673267326732675,5.6000000000000005
54,9.9,2.8,48.7,0.0,0.0,0.8,75.9,0.9,1.1,0.3,0.4,0.2,0.8,1,0.2828282828282828,4.9
39,9.4,3.5,47.1,0.0,0.0,0.6,52.2,1.4,1.0,0.5,0.5,0.1,0.8,0,0.3723404255319149,6.2
45,9.3,3.1,36.1,0.1,37.5,1.1,70.6,0.1,0.8,1.9,0.2,0.0,1.2,1,0.3333333333333333,4.800000000000001
38,7.7,1.4,32.9,0.1,28.6,0.1,42.9,0.2,0.4,1.2,0.6,0.1,0.7,0,0.1818181818181818,3.2
40,6.4,3.8,41.8,0.0,33.3,1.4,83.8,0.5,0.5,0.2,0.3,0.2,0.5,1,0.5937499999999999,5.0
37,5.3,1.9,39.7,0.2,32.1,0.4,65.0,0.2,0.5,0.5,0.3,0.1,0.3,1,0.3584905660377358,3.1999999999999997
76,40.1,23.5,41.6,2.0,34.1,5.0,70.2,1.5,2.6,7.5,2.1,0.3,4.4,1,0.5860349127182045,33.1
82,36.7,16.4,42.6,1.9,37.7,2.1,77.1,1.3,2.6,3.0,1.9,0.4,1.6,1,0.4468664850136239,23.999999999999993
82,36.2,17.5,42.5,0.6,32.7,2.8,63.1,3.5,5.5,3.2,1.3,0.7,2.8,1,0.48342541436464087,28.9
80,35.0,18.7,45.3,0.1,25.9,4.8,74.6,2.7,4.2,2.2,1.0,1.0,2.8,1,0.5342857142857143,27.0
67,34.7,15.8,40.8,1.5,35.4,3.7,72.7,0.8,1.9,7.8,1.0,0.3,3.1,1,0.4553314121037464,24.5
82,30.9,13.4,43.0,1.4,39.3,2.5,82.3,1.2,2.8,2.6,0.9,0.1,1.8,1,0.4336569579288026,19.2
63,30.1,14.8,48.2,0.0,14.3,2.9,69.3,2.1,4.2,1.5,1.1,2.1,2.1,1,0.49169435215946844,23.700000000000003
82,29.1,9.4,44.1,1.9,40.4,0.9,76.3,0.2,1.7,3.7,1.0,0.0,1.5,1,0.3230240549828179,14.600000000000001
77,25.1,7.3,48.1,0.0,25.0,1.1,58.7,2.7,3.4,0.6,0.6,0.8,1.0,1,0.29083665338645415,14.399999999999999
62,21.8,7.9,39.6,0.7,28.7,1.6,75.2,1.0,2.2,1.2,0.7,1.1,1.7,0,0.3623853211009174,12.4
68,24.5,8.0,57.3,0.0,0.0,1.4,69.6,2.2,5.1,0.6,0.6,1.4,0.5,1,0.32653061224489793,17.4
41,16.6,4.6,37.9,0.8,38.2,0.4,61.5,0.6,1.2,1.6,0.7,0.2,0.8,0,0.2771084337349397,7.999999999999999
65,16.4,5.9,46.2,0.4,51.1,1.0,68.7,0.8,2.0,0.8,0.4,0.1,1.1,1,0.35975609756097565,8.9
71,16.3,4.8,50.9,0.0,0.0,0.9,62.0,1.8,2.7,0.5,0.4,0.8,0.7,1,0.29447852760736193,10.300000000000002
71,15.5,7.6,41.7,0.7,37.5,1.9,81.9,0.7,1.2,1.3,0.7,0.3,1.6,1,0.49032258064516127,10.200000000000001
64,15.3,3.9,43.7,0.1,40.9,0.7,64.6,0.5,1.0,2.4,0.6,0.2,1.6,1,0.2549019607843137,7.0
57,15.1,4.8,54.9,0.0,0.0,0.9,60.5,1.3,2.2,0.3,0.2,0.4,1.0,1,0.31788079470198677,8.200000000000001
72,14.6,5.1,39.0,0.0,100.0,1.5,63.7,1.3,2.8,0.6,0.3,1.0,1.2,1,0.3493150684931507,9.9
50,21.3,8.7,41.4,1.2,36.5,1.2,76.3,0.2,2.2,1.7,0.6,0.2,0.9,0,0.40845070422535207,12.599999999999998
61,14.2,5.4,46.5,0.9,46.4,0.7,82.4,0.5,1.1,1.6,0.6,0.1,1.1,1,0.3802816901408451,8.2
43,14.0,5.0,44.4,0.0,0.0,1.1,64.9,1.1,2.3,0.4,0.3,0.5,0.9,1,0.35714285714285715,8.700000000000001
75,12.7,4.1,42.9,0.0,0.0,1.0,69.1,1.4,1.9,0.3,0.1,0.3,0.7,1,0.3228346456692913,7.3999999999999995
68,11.6,4.8,51.7,0.0,50.0,1.2,71.8,0.8,1.5,0.5,0.3,0.4,1.1,1,0.41379310344827586,7.199999999999999
80,11.5,3.9,39.7,0.3,30.1,1.0,65.8,0.3,0.9,1.5,0.5,0.1,0.9,1,0.3391304347826087,6.299999999999999
57,10.4,3.1,41.7,0.0,20.0,0.5,56.5,1.1,1.7,0.3,0.3,0.3,0.4,0,0.2980769230769231,6.499999999999999
45,10.2,4.1,45.1,0.0,0.0,1.0,60.3,0.9,1.9,0.2,0.0,0.6,0.6,1,0.4019607843137255,7.1
54,9.7,3.0,47.7,0.0,0.0,0.7,61.3,1.3,1.7,0.6,0.5,0.3,0.8,1,0.30927835051546393,6.6
70,9.5,2.2,44.6,0.0,0.0,0.6,73.8,0.8,1.6,0.2,0.2,0.5,0.6,0,0.23157894736842108,4.9
65,21.2,6.3,35.2,0.8,31.4,1.8,59.1,0.8,2.3,1.2,0.6,1.1,1.3,0,0.2971698113207547,10.899999999999999
36,8.8,2.3,53.2,0.0,0.0,0.5,48.6,0.8,0.8,0.4,0.3,0.2,0.6,1,0.2613636363636363,4.2
35,7.7,2.2,52.6,0.0,0.0,0.5,55.2,0.5,1.2,0.2,0.1,0.1,0.4,0,0.28571428571428575,3.9
35,5.5,1.8,38.2,0.1,28.6,0.2,57.1,0.2,0.4,0.4,0.2,0.3,0.5,1,0.32727272727272727,2.9
35,5.1,3.2,55.1,0.0,0.0,0.4,56.5,0.5,0.8,0.3,0.0,0.3,1.1,0,0.627450980392157,3.9
70,40.9,19.0,42.6,1.9,39.5,3.4,79.7,0.8,3.2,9.3,1.4,0.3,3.8,1,0.4645476772616137,30.199999999999992
82,39.2,15.0,47.6,0.7,32.8,3.0,74.9,1.7,2.9,3.5,1.0,0.4,1.6,1,0.3826530612244898,22.9
72,37.5,19.2,41.4,1.3,31.8,5.4,74.7,1.3,2.4,3.9,1.1,1.1,3.5,1,0.512,25.5
82,34.4,15.3,45.8,0.1,35.7,3.7,77.3,3.7,5.1,1.0,1.0,1.6,1.7,1,0.44476744186046513,25.900000000000002
77,31.9,13.3,45.7,0.0,0.0,2.8,73.2,2.3,5.1,1.4,0.6,0.7,2.0,1,0.41692789968652044,21.400000000000002
80,31.0,10.8,41.2,0.7,36.8,2.5,78.2,0.8,1.7,6.1,1.1,0.0,2.4,0,0.34838709677419355,18.1
76,30.0,13.4,48.5,0.0,0.0,2.2,68.3,3.0,4.5,1.0,0.7,1.5,2.0,1,0.44666666666666666,22.099999999999998
80,28.7,10.4,49.1,0.1,28.6,1.3,70.5,2.2,4.1,1.8,1.1,1.6,1.4,1,0.3623693379790941,19.800000000000004
65,27.5,10.1,48.7,0.4,32.9,1.2,65.0,1.4,3.2,1.3,0.7,0.8,1.6,1,0.36727272727272725,16.0
79,24.0,10.1,47.4,1.6,41.6,1.4,81.0,0.5,1.6,2.9,1.2,0.3,1.5,1,0.42083333333333334,15.100000000000001
64,23.0,10.7,44.1,0.0,30.0,3.1,67.1,1.4,2.0,1.1,0.9,0.2,1.4,1,0.4652173913043478,14.899999999999997
74,22.4,9.0,50.1,0.0,0.0,1.6,66.3,1.6,4.3,0.6,0.6,0.5,1.3,1,0.4017857142857143,15.3
54,20.4,6.3,48.0,0.0,0.0,1.8,65.1,2.1,3.5,0.6,0.4,0.2,1.1,0,0.3088235294117647,11.999999999999998
79,17.9,6.4,44.2,0.0,0.0,1.5,59.5,2.1,2.4,0.6,0.6,0.5,1.1,1,0.35754189944134085,11.5
69,17.7,7.5,51.3,0.0,0.0,1.1,55.3,1.2,2.2,0.7,0.4,0.2,1.3,1,0.42372881355932207,10.899999999999999
72,17.6,5.0,43.9,0.0,27.3,1.0,68.6,1.6,2.8,0.8,0.3,0.4,0.9,0,0.28409090909090906,10.000000000000002
75,17.4,4.5,55.7,0.0,0.0,1.1,70.8,1.5,2.5,0.2,0.2,1.6,0.8,1,0.25862068965517243,9.699999999999998
42,14.8,5.5,40.2,0.8,39.8,1.1,76.7,0.2,0.8,2.7,0.4,0.0,1.5,1,0.3716216216216216,8.1
79,14.6,5.3,41.1,0.3,34.6,1.3,70.2,0.4,1.3,2.9,0.7,0.3,1.5,1,0.363013698630137,9.4
69,14.4,3.8,56.7,0.0,0.0,0.7,66.2,1.1,1.8,0.2,0.7,0.6,0.6,1,0.2638888888888889,7.6
62,14.0,4.5,43.1,0.1,14.7,0.9,70.1,0.7,1.1,1.4,0.3,0.2,1.0,0,0.32142857142857145,7.199999999999999
62,13.6,4.9,38.7,0.7,34.4,0.6,83.3,0.5,0.7,1.1,0.5,0.1,0.7,0,0.3602941176470589,7.1000000000000005
51,19.8,5.1,38.2,0.8,36.4,0.9,78.6,0.3,1.9,2.5,0.8,0.1,1.6,0,0.25757575757575757,9.100000000000001
64,13.6,3.9,40.9,0.1,26.9,0.6,66.1,1.0,2.3,0.5,0.4,0.5,0.5,1,0.2867647058823529,8.2
44,13.0,6.6,45.3,0.4,32.7,1.1,65.3,0.8,0.6,1.1,0.7,0.2,1.0,0,0.5076923076923077,8.999999999999998
57,11.6,3.6,47.3,0.0,0.0,0.6,66.7,1.0,2.1,0.1,0.1,1.1,0.4,1,0.3103448275862069,7.6
53,11.5,5.6,46.6,0.0,0.0,0.9,56.0,1.1,1.1,0.4,0.2,0.2,1.4,1,0.4869565217391304,7.1999999999999975
36,11.3,2.9,33.0,0.3,31.0,0.9,67.4,0.3,1.0,1.5,0.4,0.1,1.2,0,0.2566371681415929,4.8999999999999995
60,9.8,4.0,41.5,0.2,26.2,0.8,81.7,0.5,1.3,0.7,0.2,0.1,0.7,1,0.4081632653061224,6.0
59,9.7,3.7,42.3,0.1,32.0,1.3,83.3,0.2,0.6,1.6,0.3,0.1,1.1,1,0.3814432989690722,5.299999999999999
57,9.6,3.2,43.8,0.0,0.0,0.7,58.8,0.9,1.1,0.4,0.2,0.1,0.8,1,0.33333333333333337,5.0
47,19.7,5.3,34.0,0.6,31.1,1.2,67.4,0.6,2.6,1.2,1.2,0.3,1.4,0,0.26903553299492383,9.799999999999999
43,9.0,2.7,42.0,0.0,20.0,0.7,59.2,0.2,0.8,1.7,0.7,0.0,0.9,1,0.30000000000000004,5.2
41,8.8,2.6,34.3,0.2,30.3,0.6,72.2,0.1,0.5,1.2,0.5,0.1,0.8,0,0.2954545454545454,4.2
61,8.1,3.1,37.6,0.0,0.0,1.0,65.6,0.7,1.0,0.2,0.3,0.2,0.7,0,0.3827160493827161,4.9
49,7.6,1.8,35.6,0.0,22.2,0.5,75.0,0.6,1.0,0.3,0.2,0.2,0.3,0,0.2368421052631579,3.8000000000000007
53,7.0,2.5,45.0,0.0,0.0,0.4,56.1,0.7,0.8,0.2,0.3,0.1,0.5,0,0.35714285714285715,4.1
33,4.6,1.1,39.0,0.0,0.0,0.2,62.5,0.3,0.5,0.1,0.1,0.1,0.1,0,0.23913043478260873,2.1
70,38.3,19.9,47.7,0.1,14.8,5.3,73.2,1.8,4.6,5.0,1.8,0.9,2.9,1,0.5195822454308094,31.099999999999994
80,37.0,21.9,45.1,1.1,32.1,5.0,79.6,2.1,4.3,2.5,1.4,0.3,3.9,0,0.5918918918918918,28.599999999999994
80,37.0,21.9,45.1,1.1,32.1,5.0,79.6,2.1,4.3,2.5,1.4,0.3,3.9,1,0.5918918918918918,28.599999999999994
65,36.1,17.0,48.9,0.0,0.0,3.0,66.4,2.8,5.6,2.5,0.8,0.2,2.5,1,0.4709141274238227,26.4
63,19.0,6.0,57.5,0.0,0.0,1.0,55.1,2.3,3.6,0.7,0.3,0.4,0.8,0,0.3157894736842105,12.4
79,33.8,11.7,38.5,0.9,27.2,2.4,69.8,1.9,3.5,7.7,1.9,0.3,3.2,1,0.34615384615384615,23.8
81,31.6,14.1,40.2,0.8,29.8,2.5,75.4,1.6,2.7,1.6,0.9,0.7,2.0,1,0.4462025316455696,19.7
64,31.0,14.0,46.0,1.4,37.0,1.9,72.2,1.2,2.7,2.0,2.0,0.6,1.2,1,0.45161290322580644,21.3
78,29.7,10.0,53.4,0.0,0.0,2.1,63.5,2.5,4.7,0.5,0.4,0.8,1.4,1,0.3367003367003367,17.6
72,29.0,12.6,39.4,1.0,28.4,2.0,66.2,1.9,3.7,1.5,0.6,1.2,1.6,1,0.43448275862068964,19.9
80,28.6,13.2,51.1,0.0,25.0,2.9,63.6,2.6,4.9,1.2,0.6,1.4,2.0,1,0.4615384615384615,21.9
79,25.9,11.4,46.5,0.0,0.0,2.3,64.5,2.4,3.6,0.6,0.5,1.3,1.9,0,0.4401544401544402,17.900000000000002
78,23.1,10.4,48.4,1.5,43.6,1.0,79.2,0.9,1.7,1.3,0.6,0.3,1.0,1,0.4502164502164502,14.200000000000001
66,22.6,6.8,48.5,0.0,28.6,1.0,44.7,3.0,4.3,0.7,0.5,0.6,1.4,0,0.30088495575221236,14.599999999999998
81,22.2,8.2,45.4,0.4,31.6,2.1,73.9,0.7,2.0,4.8,0.8,0.3,2.0,1,0.36936936936936937,14.8
32,18.8,5.9,41.9,0.6,37.5,1.0,68.1,0.4,2.1,1.3,1.0,0.3,0.9,0,0.31382978723404253,10.100000000000001
67,21.8,9.2,44.3,1.0,39.2,2.1,71.4,0.8,2.0,4.3,1.1,0.1,2.0,1,0.4220183486238532,15.500000000000004
53,19.3,5.8,38.0,0.8,32.8,1.0,75.3,0.3,1.0,4.1,0.8,0.1,1.4,1,0.30051813471502586,10.7
45,18.4,6.5,44.4,0.2,39.3,1.1,68.5,0.8,2.1,2.0,0.8,0.4,0.9,1,0.3532608695652174,11.700000000000001
37,18.2,7.4,47.5,0.1,21.4,1.5,64.8,0.6,1.3,2.7,0.8,0.0,1.5,0,0.40659340659340665,11.3
64,16.1,4.7,46.5,0.0,0.0,0.9,49.2,1.5,1.9,0.5,0.6,0.6,0.8,0,0.2919254658385093,8.999999999999998
62,15.8,3.9,45.7,0.0,0.0,0.8,61.4,0.7,2.0,1.1,0.7,0.2,0.9,0,0.24683544303797467,7.6999999999999975
63,15.0,6.0,51.5,0.0,16.7,1.0,83.3,0.8,1.4,1.0,0.5,0.3,0.7,1,0.4,9.3
81,14.9,7.0,44.1,0.9,37.4,1.1,78.3,0.8,0.9,1.0,0.5,0.2,0.8,1,0.4697986577181208,9.499999999999998
55,14.7,3.5,38.1,0.3,31.4,0.6,70.0,0.2,0.9,3.2,0.7,0.0,1.8,0,0.2380952380952381,6.7
46,12.8,3.9,59.1,0.0,100.0,0.5,48.9,1.2,2.1,0.5,0.2,0.6,0.5,0,0.3046875,8.0
41,12.3,3.3,45.1,0.0,0.0,0.4,44.7,1.0,1.4,1.2,0.5,0.1,1.0,1,0.26829268292682923,6.499999999999999
46,11.5,4.1,53.0,0.0,40.0,1.0,61.8,1.5,1.8,0.8,0.4,0.1,0.8,1,0.3565217391304348,7.8999999999999995
49,11.3,2.4,32.8,0.2,24.3,0.6,77.5,0.2,0.7,1.9,0.4,0.1,1.0,1,0.21238938053097342,4.8
53,11.2,2.7,43.3,0.0,0.0,0.5,75.0,1.0,1.3,0.5,0.4,0.4,0.5,1,0.2410714285714286,5.800000000000001
60,11.2,3.3,50.0,0.1,26.3,0.6,67.9,0.3,1.0,1.0,0.6,0.2,0.8,0,0.29464285714285715,5.5
58,10.6,4.6,38.4,0.4,30.1,0.9,64.9,0.6,0.5,1.0,0.2,0.1,0.9,0,0.43396226415094336,6.099999999999999
59,9.9,3.5,42.4,0.0,0.0,0.8,69.4,1.0,1.5,0.6,0.2,0.1,0.8,1,0.35353535353535354,6.199999999999999
55,9.7,1.7,47.9,0.0,0.0,0.5,68.3,0.7,1.2,0.2,0.2,1.1,0.3,1,0.1752577319587629,4.8
41,9.6,4.1,38.8,0.2,36.0,1.4,68.2,0.5,0.9,0.4,0.3,0.4,0.7,0,0.4270833333333333,5.9
46,9.2,3.3,56.2,0.0,33.3,0.3,41.0,0.3,0.8,0.7,0.4,0.1,0.7,0,0.358695652173913,5.0
42,8.1,3.0,37.2,0.1,24.0,0.8,65.3,0.4,0.4,0.4,0.3,0.1,0.4,0,0.3703703703703704,4.199999999999999
49,6.5,4.8,42.6,0.8,38.4,0.6,71.1,0.2,0.3,1.0,0.3,0.0,1.0,0,0.7384615384615384,5.6
38,6.5,3.1,39.5,0.5,31.0,0.2,66.7,0.2,0.4,1.1,0.3,0.1,0.7,0,0.47692307692307695,4.5
82,36.8,16.0,46.6,0.6,26.7,3.0,74.2,2.3,3.0,6.6,2.3,0.6,3.6,1,0.4347826086956522,27.3
79,36.7,19.2,40.6,1.1,28.4,3.9,69.9,1.4,3.1,3.4,1.1,0.2,3.1,1,0.5231607629427792,25.299999999999997
81,33.3,13.6,39.4,1.5,33.8,1.9,78.1,0.6,2.4,5.8,1.1,0.1,1.8,1,0.4084084084084084,21.700000000000003
76,32.1,17.5,55.2,0.0,0.0,2.5,53.2,4.0,5.1,3.6,1.2,2.2,2.7,1,0.5451713395638629,30.900000000000002
47,17.0,5.2,44.7,0.3,27.1,0.9,72.1,1.0,2.6,0.7,0.5,0.5,0.8,0,0.3058823529411765,9.7
82,31.2,13.5,50.1,0.0,20.0,2.9,56.9,3.4,4.2,2.0,0.7,1.4,2.0,1,0.4326923076923077,23.2
79,30.6,16.6,46.8,0.7,36.0,2.7,81.1,1.5,2.5,2.6,0.7,0.3,2.8,1,0.542483660130719,21.400000000000002
82,26.5,10.3,37.5,0.8,33.3,1.3,73.2,0.6,1.7,4.8,1.5,0.1,2.2,1,0.3886792452830189,16.800000000000004
79,25.6,9.4,41.9,0.5,31.1,1.7,77.8,1.7,3.4,1.6,0.7,0.6,1.1,1,0.3671875,16.3
71,24.8,9.6,50.8,0.0,0.0,1.4,59.6,3.1,2.7,1.4,1.4,0.4,1.2,1,0.3870967741935484,17.399999999999995
79,24.7,5.7,41.5,0.0,16.7,1.5,75.7,2.4,3.9,1.2,0.9,1.2,0.9,1,0.23076923076923078,14.299999999999999
65,24.7,12.0,47.0,0.0,4.3,1.9,77.0,1.4,1.6,1.9,1.0,0.1,1.7,1,0.4858299595141701,16.200000000000003
37,23.5,6.9,58.7,0.0,0.0,1.6,59.2,2.2,3.5,1.0,1.0,1.0,0.8,1,0.2936170212765958,14.8
81,21.9,5.8,47.9,0.0,0.0,1.0,72.9,3.7,3.8,1.2,0.8,0.4,1.2,1,0.2648401826484018,14.500000000000002
81,21.4,7.7,50.8,0.0,0.0,2.4,64.2,2.3,3.9,0.7,0.6,1.0,1.3,1,0.3598130841121496,14.899999999999999
79,19.2,8.5,40.5,0.4,29.9,1.1,82.4,0.2,1.3,1.3,0.4,0.2,1.3,1,0.44270833333333337,10.6
49,18.8,8.7,54.5,0.0,0.0,2.2,71.1,1.9,1.2,0.6,1.5,0.0,0.9,0,0.46276595744680843,12.999999999999998
79,17.8,8.1,43.9,0.4,38.0,1.6,67.2,1.1,1.7,1.3,0.8,0.6,1.7,1,0.45505617977528084,12.000000000000002
75,17.6,6.9,49.5,0.0,0.0,1.4,57.8,1.4,1.6,1.0,0.7,0.3,1.2,1,0.39204545454545453,10.700000000000001
66,17.0,6.7,41.8,0.4,29.5,1.4,84.1,0.4,1.7,2.9,0.9,0.1,1.4,1,0.3941176470588235,11.2
67,16.7,5.0,48.4,0.0,9.1,0.9,61.4,0.9,1.8,0.8,1.0,0.3,0.8,1,0.29940119760479045,9.0
23,16.0,4.2,47.6,0.0,0.0,0.8,60.0,1.3,2.2,0.7,0.6,0.1,0.8,0,0.2625,8.299999999999999
47,16.6,4.6,36.2,0.4,26.6,1.0,82.5,0.3,1.9,0.8,0.7,0.3,0.6,0,0.2771084337349397,8.1
74,15.5,5.5,40.6,0.0,0.0,1.5,67.5,1.1,2.2,0.2,0.3,0.7,1.0,0,0.3548387096774194,9.0
77,15.1,5.4,42.1,0.1,21.2,1.1,73.1,0.6,1.5,1.4,0.6,0.1,1.0,1,0.35761589403973515,8.5
51,15.0,4.8,41.9,0.0,33.3,0.9,65.7,0.9,1.7,1.2,0.7,0.3,0.9,1,0.32,8.7
68,13.0,3.6,59.2,0.0,0.0,0.7,54.7,1.1,2.3,0.3,0.3,0.3,0.7,0,0.27692307692307694,7.199999999999999
70,12.7,4.8,40.0,0.0,8.0,1.3,83.6,0.3,0.9,0.9,0.9,0.1,0.9,1,0.3779527559055118,7.0
55,12.1,3.2,53.9,0.0,0.0,0.4,54.5,0.9,2.2,0.4,0.3,0.5,0.6,0,0.2644628099173554,6.900000000000001
64,11.9,5.3,37.7,0.4,40.4,1.0,75.3,0.4,0.7,1.2,0.4,0.1,0.9,1,0.4453781512605042,7.199999999999999
58,11.6,4.8,36.5,0.4,31.5,0.8,67.2,0.6,0.8,1.2,0.5,0.3,0.9,1,0.41379310344827586,7.199999999999999
67,10.3,3.0,43.7,0.0,0.0,0.7,61.3,1.1,1.8,0.8,0.3,0.5,0.8,1,0.2912621359223301,6.7
39,16.6,5.4,35.5,0.6,26.2,0.9,75.0,0.6,1.9,0.9,0.6,0.3,1.0,0,0.3253012048192771,8.700000000000001
60,9.0,3.1,36.8,0.2,23.4,0.7,83.0,0.2,0.6,2.1,0.6,0.1,0.9,1,0.34444444444444444,5.699999999999999
40,8.5,1.8,30.5,0.3,33.3,0.3,80.0,0.1,0.6,1.3,0.3,0.0,0.9,1,0.21176470588235294,3.1999999999999997
48,8.0,3.4,52.2,0.3,50.0,0.6,82.4,0.1,0.7,1.5,0.3,0.1,0.6,1,0.425,5.5
38,7.5,1.9,31.8,0.1,20.8,0.3,44.4,0.4,0.5,0.4,0.4,0.3,0.5,0,0.2533333333333333,3.3999999999999995
53,7.2,3.0,40.4,0.3,27.9,0.4,75.9,0.5,1.2,0.5,0.3,0.1,0.6,0,0.41666666666666663,5.0
45,6.2,2.6,41.5,0.0,0.0,0.6,63.0,1.1,1.6,0.2,0.2,0.5,0.5,1,0.41935483870967744,5.6000000000000005
68,5.5,1.9,31.7,0.0,33.3,0.7,73.5,0.3,0.5,0.3,0.2,0.1,0.3,0,0.34545454545454546,3.0000000000000004
47,4.7,1.9,48.6,0.0,0.0,0.4,54.1,0.5,0.7,0.2,0.1,0.2,0.3,1,0.40425531914893614,3.400000000000001
81,37.9,23.4,56.2,0.0,0.0,5.3,59.2,4.2,9.6,1.9,0.7,3.5,3.8,1,0.6174142480211081,39.6
77,35.6,15.4,46.4,0.9,36.9,2.7,74.6,1.0,2.5,3.8,1.6,0.7,2.6,1,0.43258426966292135,22.4
81,34.9,18.2,47.4,0.0,10.0,5.7,83.5,2.1,6.6,2.8,1.3,1.0,3.4,1,0.5214899713467048,28.6
81,34.5,14.7,42.6,0.5,28.1,2.2,64.4,2.7,6.9,3.8,1.6,0.4,2.8,1,0.4260869565217391,27.299999999999997
78,33.9,21.0,51.1,0.0,0.0,6.3,78.1,3.4,6.9,1.0,0.3,3.5,3.0,1,0.6194690265486726,33.099999999999994
82,33.5,14.7,50.4,0.0,15.4,2.9,74.8,3.3,5.7,1.8,0.9,1.4,1.9,1,0.4388059701492537,25.999999999999996
82,32.4,15.6,46.9,0.0,25.0,3.5,71.3,2.2,5.0,1.8,1.0,0.8,2.1,1,0.4814814814814815,24.3
79,29.5,10.1,47.4,0.2,25.5,1.8,71.5,1.4,3.5,2.4,1.0,1.1,2.0,1,0.3423728813559322,17.6
72,29.0,13.5,49.3,0.0,0.0,3.3,60.2,2.7,4.7,1.3,0.5,1.1,2.2,1,0.46551724137931033,21.6
59,28.4,17.0,43.5,1.0,31.9,3.8,74.2,1.9,2.5,3.0,1.1,0.5,3.0,1,0.5985915492957746,23.1
82,27.9,9.8,43.3,0.0,0.0,1.4,65.1,2.2,4.0,1.1,0.7,0.9,1.7,1,0.3512544802867384,17.0
48,27.5,15.8,52.4,0.0,33.3,3.2,70.7,2.1,2.6,1.3,1.8,0.8,1.9,0,0.5745454545454546,22.400000000000002
71,27.2,13.8,43.2,0.8,29.3,3.0,71.7,2.0,2.1,1.6,1.1,0.7,1.7,1,0.5073529411764707,19.6
39,22.2,8.9,44.6,0.0,0.0,2.5,83.2,1.0,2.2,1.3,0.6,0.1,1.1,1,0.4009009009009009,13.000000000000002
45,22.0,8.1,47.1,0.1,23.1,1.3,72.8,0.6,1.8,3.5,0.7,0.1,1.6,1,0.36818181818181817,13.2
77,21.5,10.4,46.8,0.6,39.0,2.1,78.6,0.8,1.5,2.2,0.8,0.2,1.6,1,0.48372093023255813,14.299999999999999
74,21.3,8.0,40.2,0.1,16.7,1.7,77.2,0.7,1.9,1.6,1.0,0.2,1.5,0,0.3755868544600939,11.899999999999999
20,21.1,9.4,44.8,0.0,0.0,2.1,75.9,1.9,2.2,1.2,0.8,0.3,1.3,0,0.44549763033175355,14.5
77,20.4,9.1,44.3,0.8,33.3,0.9,72.7,1.1,1.7,1.9,0.5,0.4,1.3,1,0.44607843137254904,13.399999999999999
56,19.1,5.6,47.5,0.0,0.0,1.3,71.0,1.3,3.7,2.1,0.7,1.8,1.9,1,0.2931937172774869,13.2
73,18.9,10.3,47.5,0.0,33.3,2.2,76.2,1.0,1.0,1.0,0.5,0.1,1.3,0,0.544973544973545,12.6
40,15.4,6.1,52.8,0.1,23.8,0.4,73.7,1.0,1.1,0.6,0.5,0.2,0.7,0,0.39610389610389607,8.799999999999999
82,18.9,6.6,50.0,0.0,0.0,2.0,70.0,2.1,3.2,1.0,0.7,0.2,1.2,1,0.3492063492063492,12.599999999999998
82,18.3,5.2,45.6,0.5,39.1,0.5,57.4,0.3,1.1,3.3,0.7,0.1,1.0,1,0.28415300546448086,9.699999999999998
50,16.3,5.4,43.8,0.1,31.6,0.9,79.6,0.3,0.9,1.7,0.4,0.1,0.9,1,0.33128834355828224,7.799999999999999
79,16.1,5.3,44.6,0.0,28.6,1.6,66.5,1.5,2.5,0.9,0.6,0.5,1.1,0,0.3291925465838509,10.200000000000001
80,15.8,4.3,43.3,0.0,14.3,1.2,79.2,0.4,0.8,2.5,0.6,0.2,0.8,0,0.27215189873417717,7.999999999999999
80,15.8,4.3,43.3,0.0,14.3,1.2,79.2,0.4,0.8,2.5,0.6,0.2,0.8,0,0.27215189873417717,7.999999999999999
68,12.6,3.9,35.8,0.1,16.7,0.8,79.4,0.4,1.1,2.3,0.8,0.0,1.3,1,0.30952380952380953,7.2
43,12.1,5.4,55.0,0.0,0.0,1.0,64.3,1.5,2.3,0.3,0.3,0.4,0.9,0,0.44628099173553726,9.3
52,12.0,4.5,43.9,0.0,10.0,1.2,62.5,0.2,0.4,2.2,0.4,0.1,0.8,1,0.375,7.1000000000000005
47,11.7,4.4,36.9,0.4,33.3,0.7,67.3,0.2,0.7,1.4,0.7,0.1,0.9,1,0.3760683760683761,6.6000000000000005
